Year,Angola,Albania,United Arab Emirates,Argentina,Armenia,Australia,Austria,Azerbaijan,Belgium,Benin,Bangladesh,Bulgaria,Bosnia and Herzegovina,Belarus,Bolivia,Brazil,Brunei Darussalam,Botswana,Canada,Switzerland,Chile,China,Cote d'Ivoire,Cameroon,"Congo, Dem. Rep.","Congo, Rep.",Colombia,Costa Rica,Caribbean small states,Cuba,Curacao,Cyprus,Czech Republic,Germany,Denmark,Dominican Republic,Algeria,Ecuador,"Egypt, Arab Rep.",Eritrea,Spain,Estonia,Ethiopia,Finland,France,Gabon,United Kingdom,Georgia,Ghana,Greece,Grenada,Greenland,Guatemala,Guam,Guyana,"Hong Kong SAR, China",Honduras,Croatia,Haiti,Hungary,Indonesia,India,Ireland,"Iran, Islamic Rep.",Iraq,Iceland,Israel,Italy,Jamaica,Jordan,Japan,Kazakhstan,Kenya,Kyrgyz Republic,Cambodia,Kiribati,St. Kitts and Nevis,"Korea, Rep.",Kuwait,Lao PDR,Lebanon,Liberia,Libya,St. Lucia,Sri Lanka,Lesotho,Lithuania,Luxembourg,Latvia,"Macao SAR, China",St. Martin (French part),Morocco,Monaco,Moldova,Madagascar,Maldives,Mexico,Marshall Islands,Middle income,"Macedonia, FYR",Mali,Malta,Myanmar,Montenegro,Mongolia,Northern Mariana Islands,Mozambique,Mauritania,Mauritius,Malawi,Malaysia,Namibia,New Caledonia,Niger,Nigeria,Nicaragua,Netherlands,Norway,Nepal,Nauru,New Zealand,Oman,Pakistan,Panama,Peru,Philippines,Palau,Papua New Guinea,Poland,Puerto Rico,"Korea, Dem. People’s Rep.",Portugal,Paraguay,West Bank and Gaza,Pacific island small states,French Polynesia,Qatar,Romania,Russian Federation,Rwanda,South Asia,Saudi Arabia,Sudan,Senegal,Singapore,Solomon Islands,Sierra Leone,El Salvador,San Marino,Somalia,Serbia,South Sudan,Sao Tome and Principe,Suriname,Slovak Republic,Slovenia,Sweden,Swaziland,Sint Maarten (Dutch part),Seychelles,Turks and Caicos Islands,Chad,Togo,Thailand,Tajikistan,Turkmenistan,Timor-Leste,Tonga,Trinidad and Tobago,Tunisia,Turkey,Tuvalu,Tanzania,Uganda,Ukraine,Uruguay,United States,Uzbekistan,St. Vincent and the Grenadines,"Venezuela, RB",British Virgin Islands,Virgin Islands (U.S.),Vietnam,Vanuatu,Samoa,Kosovo,"Yemen, Rep.",South Africa,Zambia,Zimbabwe
1990,1.059805315,9.163726865,0,7.456698649,1.734937196,1.502792215,10.96675339,0.62920041,23.27834579,0,0.596837103,14.11306392,3.747551156,0.00378041,3.887242391,13.09483188,0,0.041123112,21.26030403,36.18151995,5.480680588,1.255459641,2.616545742,4.585883935,4.100154115,5.352545253,9.762542055,17.3391128,0.08627509,0.04495582,0,0,6.81798535,11.77448494,0.336420209,0.747578353,0.052332414,6.775357076,2.648459505,0,18.13882692,0,0.398244779,20.93703568,38.68641017,5.132025004,8.544074164,5.248906233,9.298864702,0.985575615,0,0,3.349441854,0,0,0,8.236512823,3.740801511,2.518596937,12.78433768,2.458403576,2.54264807,0.605296338,0.754573449,1.115580807,71.36008621,3.125494679,3.886330461,0.271778262,1.802495509,14.39311908,0.862468656,4.604945632,11.47174888,0,0,0,15.4336291,0,0,2.200732383,0,0,0,4.903210228,0,28.26089216,0.177655694,4.922801761,0,0,1.377178865,0,0.223422078,0,0,5.827127219,0,4.063893605,1.704593392,0,0,0.960708414,0,0,0,0.412426144,0,1.096981575,0,1.571225829,0,0,0,0.568012026,18.15137254,1.411088099,49.45410927,1.302812425,0,27.37977733,0,3.570901928,12.76549791,9.249121531,18.18360381,0,0,0.118183119,0,4.038283019,4.777970438,76.01269485,0,0,0,0,1.576341079,5.185810331,0,2.610190549,0,0.775096365,0,0,0,0,20.33182499,0,0,4.131519002,0,0,0,15.46519292,25.53858456,50.86715193,0,0,0,0,0,0.646749628,1.022104137,26.73449202,0.343655775,0,0,0,0.079968756,4.650894885,0,1.368658829,0,8.236283468,26.77623422,10.30243953,1.233013999,0,8.034193604,0,0,2.584422303,0,0,0,0,2.516292921,12.54811156,4.041339039
1991,1.102117333,16.16902474,0,7.194504334,1.636404297,1.692250709,10.29513151,0.673385107,22.3506716,0,0.573993037,16.64938443,6.995323448,0.003492127,4.1639061,13.37343408,0,0.044245006,23.31408836,35.76162301,7.884957872,1.276025111,2.412628784,4.567471544,3.828738949,5.021665665,9.737660507,17.66497143,0.094400666,0.062688025,0,0,7.260773029,11.528324,0.362232055,1.07742101,0.107377533,6.559967679,2.638448756,0,18.01622841,0,0.39229511,21.60293256,38.63915555,4.983974753,8.826215867,6.349435901,9.595703893,1.53884508,0,0,3.257424935,0,0,0,8.283255062,6.190509646,1.832149632,13.42179208,2.293708078,2.421908459,0.6431187,0.789550633,0.48508918,72.16138209,3.299775863,4.378401686,0.295376478,1.733723642,15.0741444,0.826186129,4.52252949,12.74399753,0,0,0,15.00608209,0,0,1.991455268,0,0,0,4.785642074,0,26.46713343,0.19957047,3.806307402,0,0,1.316952573,0,0.363770036,0,0,5.911520307,0,4.167780627,3.004275226,0,0,1.015477364,0,0,0,0.471260618,0,0.962592047,0,1.40727444,16.36826435,0,0,0.732796657,19.72903986,1.278305194,43.53402045,1.295034446,0,27.0767458,0,3.806315512,10.83391495,10.3501032,18.81037713,0,0,0.121325436,0,4.068917238,4.685951999,79.49907209,0,0,0,0,2.443926232,5.297319645,0,2.536226592,0,0.841442703,0,0,0,0,17.4780388,0,0,5.865223815,0,0,0,16.55957852,28.81062877,52.26093433,0,0,0,0,0,1.282855889,0.867780647,27.81451912,0.396047446,0,0,0,0.193097755,4.668547516,0,1.494418031,0,8.158544469,21.53549323,10.80934321,1.078730326,0,9.26416662,0,0,3.000032692,0,0,0,0,2.68818847,13.79493119,2.750522257
1992,1.192545009,20.42684655,0,7.033639566,6.337679517,1.613881232,11.88207929,0.825793252,22.43166795,0,0.516551165,15.57957697,6.587891943,0.003952484,3.816578312,13.62398428,0,0.056786751,22.49595593,36.34258751,9.299025213,1.310585368,1.848741185,4.570781594,4.32837898,4.490292009,7.650608608,25.87946565,0.078892053,0.055194381,0,0,7.603561179,12.70835875,0.464129654,1.021378583,0.071245913,6.35019885,2.519319743,0,16.9989736,0.001309683,0.407384313,23.29118979,40.53568468,4.695471468,9.66116131,6.459625378,10.01244122,1.185711094,0,0,2.601206394,0,0,0,7.530046368,5.000540145,1.705858908,14.87918425,2.43037759,2.358129753,0.716810092,1.013042874,0.253933791,70.23614541,3.028987531,4.574200806,0.254304776,1.56134138,15.05237647,0.748914274,4.234651376,15.8896401,0,0,0,13.53917082,0,0,2.526747739,0,0,0,4.340553492,0,35.47368844,0.165732608,3.550966506,0,0,0.97760093,0,0.32536063,0,0,6.325368284,0,4.256129128,2.700082008,0,0,1.205728735,0,0,0,0.468210281,0,1.362340905,0,1.262765839,13.36717039,0,0,0.720143209,19.22023534,1.486966374,45.36787603,1.178546321,0,25.21773518,0,4.198628224,8.82710062,8.972680647,17.6232706,0,0,0.131491551,0,4.406598885,2.313810553,73.8160038,0,0,0,0,2.150192047,5.827184524,0,2.522261196,0,0.883381377,0,0,0,0,16.16163506,0,0,6.315148775,0,0,0,16.8358833,25.76245925,49.32970525,0,0,0,0,0,0.840528629,0.752820961,33.06176248,0.003313186,0,0,0,0.107344331,5.208838368,0,1.410404712,0,9.063623802,25.25367958,10.57484514,1.193261848,0,8.789640049,0,0,3.288724845,0,0,0,0,2.805386274,9.858564705,2.671275655
1993,1.220019931,21.41494442,0,8.131124899,16.83887228,1.652880703,12.37867117,1.279680506,22.15375953,0,0.373690149,17.35584472,5.492085307,0.005186916,4.238696929,13.74072801,0,0.056617008,23.54359723,38.28013448,9.670367546,1.467279124,1.872034404,4.581295117,3.874761723,3.778373907,9.144091323,26.63878254,0.067220147,0.066896498,0.053846882,0,8.068572881,12.42716067,0.50885998,2.232189658,0.125931941,7.955889286,2.626158167,0,18.32263549,0.001581599,0.429077365,22.32346067,43.00446693,4.425375244,11.05154383,7.466782817,9.105502287,1.271568006,0,0,2.77396606,0,0,0,7.589376093,5.061844931,1.506823999,14.37870217,2.154040182,2.216626301,0.667583398,0.969826342,0.167223934,69.90502429,3.037092508,4.672436014,0.209833008,1.592174951,16.6267027,0.999788353,4.279184163,20.18714142,0,0,0,12.48595484,0,0,1.73451999,0,0,0,5.389181918,0,36.20459523,0.156432492,4.68713165,0,0,0.432901613,0,0.528971655,0,0,6.472203355,0,4.409679512,2.015066932,0,0,1.365210148,0,0,0,0.486062346,0,1.200628773,0,1.30487118,10.45013936,0,0,0.65178782,17.97400781,1.530428524,43.55919907,1.192022839,0,25.94935244,0,3.657876905,10.56064465,10.23538746,17.71115514,0,0,0.126766645,0,4.487453413,4.227692487,82.30638496,0,0,0,0,2.407411821,6.170856242,0,2.356741855,0,0.911270005,0,0,0,0,15.33044758,0,0,6.838762652,0,0,0,18.53438045,23.88831971,48.22638916,0,0,0,0,0,1.503217707,0.623423278,45.37900452,0.004097111,0,0,0,0.103797138,6.108138864,0,1.412279385,0,10.56677399,24.93290271,10.42812733,1.343740013,0,9.479238174,0,0,3.340124043,0,0,0,0,2.004733639,12.3028558,1.821425112
1994,1.210327457,22.91392142,0,8.444836886,21.92181082,1.63695176,12.0951402,1.06304036,20.24498963,0,0.498430439,19.39453843,20.72899986,0.006108145,3.373867078,13.40945753,0,0.059155561,24.51442905,40.17381817,8.558015543,1.897854859,1.951600071,4.247522242,3.69739183,3.929487189,10.16454246,27.07879214,0.082251777,0.038788685,0.052872116,0,8.564091086,12.3604824,0.541626771,0.917460573,0.061438612,8.400254363,2.85630861,0,17.52838291,0.004701236,0.442805517,19.99835803,44.28380132,5.245548855,10.87358682,12.43145688,8.459970928,1.376770319,0,0,2.796659468,0,0,0,5.883008466,6.167401927,1.394966758,15.10880146,3.246634726,2.45643542,0.765514305,0.66209153,0.137751747,69.96920527,2.987591159,4.775542468,0.254409285,1.468046926,16.40389232,1.357791634,4.206664418,36.08359324,0,0,0,11.73915668,0,0,1.851022257,0,0,0,6.045251974,0,25.95221638,0.208038628,5.9534669,0,0,0.766480688,0,0.469725422,0,0,5.632314189,0,4.554539555,2.927098064,0,0,1.215746902,0,0,0,0.511758945,0,0.893098708,0,1.755984438,6.738892407,0,0,0.666973968,15.59245056,1.537768364,41.65729001,1.227844125,0,25.72790032,0,4.094758949,10.44815707,10.67450303,18.49979281,0,0,0.154910476,0,5.09167416,5.270291116,87.2984913,0,0,0,0,2.607923331,6.230842529,0,2.615434223,0,0.807795851,0,0,0,0,15.01895026,0,0,7.458561619,0,0,0,20.97737221,26.54554407,48.60676158,0,0,0,0,0,0.855327485,0.687106955,57.69151314,0.002585577,0,0,0,0.060023989,5.768024149,0,1.225459837,0,11.45220934,26.70603107,10.54813766,1.320852454,0,8.833607262,0,0,3.873287769,0,0,0,0,2.668334237,12.14449913,1.863942251
1995,1.218061875,27.19568051,0,7.677003906,14.85195051,1.561709743,12.04022221,0.962473004,20.24657876,0,0.2012057,20.37036516,20.96777648,0.006950151,2.885347943,13.9621556,0,0.034615536,23.28994242,39.98289968,8.633871088,2.01331397,2.976809739,4.275537187,4.126553113,3.762314957,10.02134485,24.77917697,0.088284971,0.058593263,0.052345783,1.828831173,8.092260593,12.47501145,0.567144179,0.989900514,0.068462235,5.658962024,2.79411197,0,16.36196819,0.003303258,0.450332282,21.16470589,44.20773832,5.072036397,10.92912911,12.01087979,8.102596023,1.725691742,0,0,3.069591043,0,0,0,5.094851678,6.251585319,1.285023961,14.5247061,3.398817457,2.260246902,0.589412263,0.619267378,0.145962493,70.66223642,2.991857901,4.037562986,0.257826773,1.385906736,17.61379318,1.371404066,4.993950942,40.10410353,0,0,0,12.24679752,0,0,1.428229943,0,0,0,6.375730686,0,36.43603159,0.240359116,5.495305704,0,0,0.562714032,0,0.590579344,0,0,7.184410394,0,4.640426412,3.342259574,0,0,1.182709896,0,0,0,0.518656121,0,1.483977264,0,1.54786023,10.38437212,0,0,0.641852556,13.34623235,1.505555577,44.47436887,1.485077854,0,26.19822257,0,3.962773421,10.41360878,10.05001372,17.280714,0,0,0.163217132,0,5.554706743,3.819917314,92.21300806,0,0,0,0,3.081199661,6.496677327,0,2.432126298,0,0.697813905,0,0,0,0,15.10482848,0,0,7.603096988,0,0,0,19.12898832,25.13407875,47.87275611,0,0,0,0,0,1.400154253,0.933551528,56.41399699,0.002512506,0,0,0,0.057784517,6.025997409,0,1.200817529,0,11.75020972,19.58073824,10.96264468,1.244966001,0,9.446592815,0,0,4.158292299,0,0,0,0,2.888255946,11.61473,1.996821709
1996,1.216598781,34.70792219,0,6.986500004,41.59568794,1.424554045,10.49620955,1.125623317,20.12951219,0,0.397353188,21.64195072,25.4072811,0.005414402,3.027954281,13.84437595,0,0.035480355,22.99298117,37.27279634,7.128986313,1.993303213,2.647207884,4.346768685,3.94685765,5.172175028,10.79603967,26.25472319,0.082388283,0.068886655,0.050990876,1.70187317,8.21251247,12.60078838,0.519442354,1.355095045,0.049457777,6.601210899,2.665263545,0,18.2914128,0.003005072,0.460502643,19.59973633,43.68598053,4.741613566,11.08511733,13.77401276,8.51032494,1.989492019,0,0,2.942400588,0,0,0,6.18450386,8.379720872,1.203543538,14.38521575,3.499927078,2.194381084,0.558149675,0.651168907,0.145786789,69.21844181,3.052818662,4.448936155,0.259931983,1.359111198,17.87380819,1.390142584,4.968700971,38.22468978,0,0,0,12.4018429,0,0,1.512434794,0,0,0,4.161712637,0,39.64161589,0.161544668,3.53986333,0,0,1.714931794,0,0.776236643,0,0,7.210135406,0,4.769547901,2.878328999,0,0,1.200083541,0,0,0,0.603197286,0,1.133950581,0,1.166128978,7.279604243,0,0,0.615692323,11.96179486,1.482793782,39.193307,1.477734608,0,24.72435385,0,3.343669834,12.09937437,10.13987778,17.89345053,0,0,0.160423498,0,5.561080137,6.652294041,95.86775749,0,0,0,0,3.596177285,6.662502023,0,2.288958018,0,0.752692045,0,0,0,0,16.58731674,0,0,7.476792266,0,0,0,18.22764442,24.14380716,46.25760871,0,0,0,0,0,0.930431193,0.91413411,59.34844489,0.003594931,0,0,0,0.094971661,6.249969647,0,1.347225,0,14.32337964,17.4959139,10.92574862,1.26950307,0,9.2756418,0,0,4.468151793,0,0,0,0,3.007353868,10.58781731,1.898190506
1997,1.126308332,35.71220329,0,7.755529647,28.91413158,1.48344624,11.17436249,1.300528393,22.02482584,0.007707892,0.370076064,23.39505395,14.85786987,0.007124485,3.04910166,13.92098917,0,0.033816004,21.46046744,38.71194835,7.162312611,2.08286147,2.735595859,4.55653264,3.199226613,5.345730348,9.867410827,30.69391667,0.092473751,0.091749858,0.028943536,1.791186069,7.889609848,13.40407385,0.864719204,0.935758747,0.026813651,6.54932921,2.654771927,0.008263883,16.57389413,0.004596131,0.464285306,20.14675182,44.78538886,4.921049877,11.8571688,15.81743531,8.421307501,1.761282383,0,0,2.769925188,0,0,0,5.789387189,5.897996225,0.839856463,14.46424643,3.509043775,2.303613391,0.524225796,0.545403225,0.124889341,70.20301711,3.050927293,4.444332045,0.280339655,1.368608525,18.71591692,1.415166764,4.664180011,36.26034751,0,0,0,11.90027776,0,0,1.515738449,0,0,0,4.256576621,0,36.18335558,0.237961791,5.735173247,0,0,1.770815169,0,0.848736467,0,0,6.864595224,0,4.755906862,3.33768189,0,0,1.200303776,0,0,0,1.274607709,0,0.977469798,0,0.748137927,5.086611043,0,0,0.605590797,8.915467209,0.932421016,39.14577787,1.287215941,0,22.48194616,0,3.448850912,11.25246541,10.3809383,18.42791736,0,0,0.165255382,0,4.99704044,5.657544473,0,0,0,0,0,6.490415985,6.994346464,0,2.386529485,0,0.723057678,0,0,0,0,15.22001404,0,0,6.28292521,0,0,0,17.87598077,23.94006367,48.20033453,0,0,0,0,0,0.462089107,0.880340404,55.08232096,0.003590322,0,0,0,0.060469965,5.972767527,0,1.106126998,0,15.01674566,19.3641178,10.11519589,1.105076389,0,9.909076807,0,0,4.025225769,0,0,0,0,3.198496413,11.25398733,1.881808399
1998,1.367893399,31.70343624,0,7.053116127,28.80813927,1.353297392,11.3387908,1.427720633,21.11123373,0.007813937,0.427083611,23.34989922,11.70279065,0.009697236,2.999142948,14.1973292,0,0.029956662,19.68735045,38.53412416,5.821007945,2.179881537,2.009840278,4.463234643,2.926975794,4.050213169,9.215204245,28.66918723,0.085496717,0.073030262,0.025311333,1.717058963,8.509588182,12.85987973,1.266087298,1.597778963,0.074272106,6.347815044,2.526173287,0.012711739,16.63638744,0.006716018,0.528986218,21.46938291,42.68108032,4.643390755,11.94255659,18.02954586,4.454143606,1.644794325,0,0,3.011471599,0,0,0,4.973240467,5.884358429,1.284025505,14.60142964,3.889544494,2.547263638,0.736334381,0.544129677,0.178671654,71.93131508,3.125490223,4.471001503,0.279550791,1.380654197,19.71930185,1.342558578,4.661838905,30.97232912,0,0,0,15.21434753,0,0,1.358924706,0,0,0,4.755658936,0,38.82338478,0.361042826,8.578484256,0,0,1.482251095,0,0.907365693,0,0,6.474212031,0,4.832054848,3.869372842,0,0,0.657772836,0,0,0,8.831930871,0,1.036941768,0,0.986583453,7.927762502,0,0,0.621039692,5.34747189,1.427058569,39.50233916,1.336138052,0,24.54554545,0,3.392264951,7.152756672,10.76313573,21.51318284,0,0,0.209154511,0,5.104602452,5.237904151,0,0,0,0,0,7.325878179,7.048331845,0,2.587057227,0,0.70754144,0,0,0,0,14.29484611,0,0,6.361527058,0,0,0,19.00571651,24.97874483,50.24397061,0,0,0,0,0,0.799522621,0.675830597,54.06029555,0.00411942,0,0,0,0.090786198,6.268382558,0,1.489661239,0,15.4474034,26.55247582,10.47803349,0.991015443,0,9.518512733,0,0,3.595023776,0,0,0,0,3.410229002,10.65331786,1.668368751
1999,1.098361843,25.41877718,0,6.07307769,35.16511387,1.393487205,12.50177614,1.185037109,22.31560028,0.007490656,0.405898958,23.83357395,14.35645193,0.006757603,3.503002261,14.06342665,0,0.029008836,19.84177736,40.70481091,4.669750426,2.154808711,2.147233937,4.738733682,3.269738607,1.142842755,11.29498926,32.52134179,0.077338064,0.074536854,0.033611278,1.753735137,9.319355007,13.90163566,1.419613076,2.273472875,0.065693462,7.78143138,2.96855016,0.012259846,15.11682821,0.00714569,0.505043833,21.84537387,43.76325259,4.882007562,11.40919077,19.91036934,5.788035061,1.973224578,0,0,3.071253287,0,0,0,6.280161346,7.245442791,1.677117957,14.87587722,3.829180728,2.453770732,0.668426606,0.339173097,0.235882171,75.493466,3.227101881,4.720439687,0.276730223,1.408398885,18.47443368,1.468067502,3.983632899,43.28348867,0,0,0,15.76737529,0,0,0.587315475,0,0,0,4.746976213,0,33.42964277,0.283161512,5.965316919,0,0,0.647251494,0,1.040627548,0,0,6.872067041,0,4.897525374,4.973500616,0,0,0.716961774,0,0,0,9.736649294,0,0.283120737,0,1.509540522,9.374376419,0,0,0.638302683,4.946493908,1.453627637,39.59509017,1.579987365,0,22.97751926,0,2.825120664,10.59679159,10.62298254,25.31258815,0,0,0.200389034,0,4.811859185,2.967776024,0,0,0,0,0,8.093855061,7.544608225,0,2.449309821,0,0.739291691,0,0,0,0,17.56477041,0,0,9.276010932,0,0,0,21.54430944,24.03628245,50.39865976,0,0,0,0,0,0.418771041,0.432906975,59.27179153,0.002899338,0,0,0,0.109788371,5.546634837,0,1.457924286,0,14.81748098,14.61590755,10.89464072,0.954011293,0,10.44550784,0,0,4.336848731,0,0,0,0,3.118885967,10.8789816,2.362053606
2000,1.090812748,22.09401929,0,6.639949322,31.31941825,1.384669061,12.90331749,1.167916245,21.67167361,0.00867517,0.352722599,26.75137296,10.07963223,0.009449049,3.410114423,14.82316859,0,0.027905904,19.64768742,40.80475289,6.327048241,2.302452711,2.234248192,4.691411167,3.697433648,3.573883742,10.68573533,33.76431662,0.693023147,0.060090912,0.032695051,1.660601909,9.029652753,13.96095785,2.022073178,1.450866825,0.01720342,7.445288379,2.931238817,0.012148763,15.66258983,0.009120958,0.460279722,21.98462011,45.29365796,4.695813832,10.181022,17.77276045,9.055781642,1.686459597,0,0,3.328803499,0,0,0,6.498235018,6.630945006,1.210665677,15.24585075,5.931636586,2.492387641,0.68011777,0.257743465,0.202386057,77.33487571,3.281955617,4.733933244,0.259355958,1.410141766,18.39789937,1.81525507,3.448386704,47.56553063,0.002520244,0,0,15.29836603,0,0,0.864286393,0,0,0,3.313378935,0,31.90328667,0.387710769,6.335898282,0,0,0.610335426,0,1.124618574,0,0,6.740620396,0,5.110848102,4.356327122,0,0,1.267007662,0,0,0,11.57269455,0,0.817189486,0,1.22537528,11.77350882,0,0,0.562516099,5.295048863,1.509720366,46.6238989,1.731091929,0,24.02058104,0,3.120551244,11.44213092,11.81079375,26.67002117,0,0,0.207837996,0,4.448976147,4.376916942,0,0,0,0,0,7.451446702,7.844663654,0,2.495780757,0,0.764630018,0.007173087,0,0,0,19.57982272,0,0,7.517736613,0,0,14.12692926,26.4630545,24.48864807,45.71437692,0,0,0,0,0,0.407440817,0.719309051,56.13493421,0,0,0,0,0.10241024,4.744586358,0,1.363914757,0,15.78966546,19.61215296,10.76954148,0.993929312,0,10.54793256,0,0,4.354760113,0,0,0.297222321,0,3.196191618,10.66413479,2.744493184
2001,1.165133129,16.80172454,0,8.586295945,29.9675183,1.449409583,11.85572636,0.977629407,20.92040113,0.00815728,0.427493801,27.12155355,10.60839603,0.010454633,4.797420889,14.05785989,0,0.027582638,19.48099953,40.27180554,7.31599485,2.659849517,2.370572195,4.679780926,3.564152406,3.609694551,10.63751293,35.15834802,0.627432204,0.051828614,0.125487793,1.627586337,9.571737036,13.74383145,1.992872823,1.198761706,0.021937475,6.522539213,2.896344942,0.011594562,16.58965759,0.012245663,0.523629937,21.27888088,44.64983567,4.783022639,10.69209898,18.92318262,8.998040415,1.243010144,0,0,2.92173718,0,0,0,5.07634325,7.108515769,1.184933458,14.8442816,7.138004709,2.603819268,0.55789555,0.328025072,0.183103863,77.0645391,3.276739133,4.783664838,0.134894555,1.431476499,18.54338779,2.012124992,4.364377578,46.845231,0.002507176,0,0,15.50218464,0,0,0.627463862,0,0,0,3.333384268,0,36.75077999,0.347157204,5.932104864,0,0,0.792939753,0,1.062297862,0,0,6.159603886,0,5.280613587,2.986514655,0,0,1.248571778,0,0,0,13.49372921,0,0.575590296,0,1.193004906,8.614077009,0,0,0.562515227,7.643452608,1.482493032,38.55671105,1.898769622,0,21.76716062,0,3.418896282,7.379130404,13.29291868,25.03899398,0,0,0.228300799,0,4.475329476,5.404757205,99.43006954,0,0,0,0,7.354626718,8.160373382,0,2.621243179,0,0.782380455,0.006636484,0,0,0,22.42055389,0,0,7.154539865,0,0,13.62564856,26.56836851,25.18733173,50.73394348,0,0,0,0,0,0.200119008,0.730999405,57.60632063,0,0,0,0,0.086991187,4.444041276,0,1.597021594,0,15.57558209,29.15958437,10.65769598,1.011011673,0,9.796410799,0,0,5.110238068,0,0,0.242680922,0,2.653850275,10.52687898,2.554601745
2002,1.251680189,15.06798298,0,8.093947272,39.2933087,1.360138962,11.70778253,1.502839278,22.23039101,0.007604354,0.314926783,28.97565011,10.28195209,0.009913261,4.140856165,14.4438308,0,0.027153633,19.89316279,39.71990627,7.491495764,2.756390009,2.130361004,4.187244429,3.522532971,4.248715006,11.59040548,37.44898416,0.625825661,0.078611173,0.127825088,1.642397072,12.00753251,13.71851333,2.277946268,1.478019404,0.016942059,7.112388294,2.389266991,0.011490813,14.83258965,0.012777093,0.513864458,19.26984832,45.65481806,4.16531545,10.70709652,23.26128889,6.898102726,1.40175163,0,0,2.468454331,0,0,0,4.128170969,5.634802607,0.968311613,14.66743741,7.0082429,2.43379908,0.777757904,0.503338566,0.161084427,76.86023518,3.506885798,4.477702886,0.226626417,1.379821058,17.27439124,1.924018411,4.173297669,36.3681857,0.06458965,0,0,15.7793594,0,0,1.213290677,0,0,0,2.838789668,0,42.65115436,0.290924468,5.225326077,0,0,0.756217226,0,1.04735348,0,0,6.015040451,0,5.172070461,3.089009482,0,0.032592391,1.399351066,0,0,0,14.25681665,0,0.703128714,0,0.867502746,10.93386059,0,0,0.759517952,7.851970604,1.456060689,44.59229174,2.152172231,0,23.30248596,0,3.608233362,11.05257689,13.52649583,24.24264105,0,0,0.234585074,0,4.668001121,3.119425499,0,0,0,0,0,7.430774629,8.242476802,0,2.495765855,0,0.731482841,0.64047201,0,0,0,22.48847473,0,0,6.358948116,0,0,19.49840656,27.68745293,25.26234324,45.40788782,0,0,0,0,0,0.339178771,0.783153026,61.30111584,0,0,0,0,0.10346013,5.440818315,0,1.565946449,0,15.60049669,32.30822936,10.78451414,0.997996395,0,8.890420966,0,0,4.679915365,0,0,0.243720822,0,3.038888367,10.44978159,3.340419882
2003,1.259392698,21.42521786,0,8.02432437,34.88477032,1.382259422,9.290369169,1.746397983,21.34629826,0.007210204,0.298870159,24.68525812,8.799390954,0.009297461,3.592398701,14.99764967,0,0.027241482,18.41740871,39.7300881,7.217671579,2.751149063,2.387742662,4.461247937,3.422645959,3.109281542,12.08909052,34.42774523,0.528962294,0.095400034,0.134034678,1.549517882,15.45101992,13.77312895,2.444767065,1.908897176,0.074114732,6.689896862,2.358618986,0.010730096,15.54007676,0.031386578,0.561290356,18.31595186,45.22972734,3.454760271,10.5673375,21.10780812,5.625566435,2.050338252,0,0,5.563464494,0,0,0,4.104142134,4.903380863,0.988748199,11.4350185,7.003219455,2.53236454,0.645544121,0.670613982,0.14682398,77.07242967,3.514456586,4.46357481,0.270758851,1.329611414,14.77471816,1.720863604,6.512422479,40.17493026,0.087780395,0,0,16.89309122,0,0,2.352914645,0,0,0,3.278760655,0,44.50586939,0.239173607,4.60217431,0,0,1.206996713,0,0.964918363,0,0,5.997558468,0,5.102189586,4.707457076,0,0.03754563,1.268177327,0,0,0,11.59463503,0,0.920011242,0,0.771691644,10.46180277,0,0,0.650069037,9.60034433,1.476812127,33.56201958,2.235195981,0,22.87265854,0,4.033059438,9.163754294,14.17220169,23.43797894,0,0,0.178342491,0,5.032338587,5.949074962,0,0,0,0,0,6.164437517,8.247228352,0,2.634273671,0,0.679973668,1.140181199,0,0,0,22.8217109,0,0,5.092727403,0,0,16.48330914,26.88406912,23.31039972,43.93012767,0,0,0,0,0,0.455626963,0.706345658,64.80051955,0,0,0,0,0.213189895,5.461543263,0,1.411740097,0,15.21842639,29.07595706,10.61657349,1.271517122,0,9.829607736,0,0,4.650419892,0,0,0.232700692,0,2.869699817,10.3070643,4.900497563
2004,1.726128644,21.77019242,0,7.027322315,35.5851639,1.344177091,10.24762803,1.853098189,21.23109528,0.003453115,0.293439076,24.78780724,10.6919756,0.010916661,3.880552702,14.61935522,0,0.007906782,19.60673842,38.73849208,6.872755254,2.922197418,1.616601154,4.807180883,3.782998827,2.825348091,13.27408685,39.62202283,0.510452353,0.067105423,0.126742187,1.812753418,15.52822946,14.07027024,2.98325642,2.75689952,0.069337687,7.150198012,2.14616711,0.011565824,14.86513042,0.04863386,0.602595759,19.37381785,45.29555817,2.953682892,9.68162744,19.06147231,7.649525136,2.081761953,0,0,5.270101397,0,0,0,3.064092496,6.85296256,0.977382512,12.37535616,6.949771474,2.550410869,0.765048913,0.590004291,0.162437206,75.8344557,3.785812494,4.76221515,0.379789333,1.154679516,16.40965093,1.364247632,7.356902157,44.00044069,0.071047894,0,0,16.55095364,0,0,1.950106611,0,0,0,2.909017174,0,42.85454464,0.307859522,6.119301459,0,0,1.10813805,0,0.96014717,0,0,6.159294763,0,5.107323846,5.068465668,0,0.048959667,1.394932243,0,0,0,11.98193363,0,0.934219946,0,0.827560849,9.612293322,0,0,0.688199384,8.765822583,1.451067091,35.39467366,2.340730331,0,24.28344368,0,3.979130982,12.43631532,12.14297282,24.69291401,0,0,0.21865393,0,5.2445827,3.940802568,0,0,0,0,0,7.442798165,8.270586535,0,2.644139687,0,0.647469376,0.930322309,0,0,0,22.5615636,0,0,5.285847663,0,0,14.38922213,26.43974513,24.88505226,48.37950843,0,0,0,0,0,0.29935192,0.541209435,59.93081202,0,0,0,0,0.201211594,6.483342203,0,1.050286475,0,16.47003037,14.27422708,10.68306046,1.525284935,0,10.68156027,0,0,3.93235181,0,0,0.493080167,0,2.789183266,10.26455828,5.162998312
2005,2.264856497,21.42897686,0,7.055879823,34.24277597,1.288502852,10.0887654,1.927319067,21.39257345,0.003440984,0.282593633,26.54412321,10.23472925,0.011891924,3.251675035,14.72125021,0,0.007661805,20.34553768,34.54192791,8.031828625,2.931234392,1.284845997,4.598341806,3.802103068,2.809211047,12.65436631,36.55456109,0.421137082,0.054809825,0.131706969,1.864298868,14.86345161,13.92845517,3.095431434,3.029697386,0.147228895,6.365436822,1.846010741,0.011286711,13.01323675,0.125427054,0.660837395,21.10484883,45.20332645,2.324876835,9.868835159,19.22481422,8.225615404,2.160570006,0,0,5.070097972,0,0,0,3.594863716,6.240154348,0.669088577,13.53258065,6.82941201,2.794850719,1.031585018,0.805422297,1.952304372,76.2553997,3.944039802,4.359246698,0.467809549,1.080572713,17.31786134,1.327902532,7.014537624,42.72973144,0.112633949,0,0,18.36392257,0,0,1.932744061,0,0,0,3.312672231,0,31.44283578,0.327026209,6.406153554,0,0,0.686532847,0,0.927088501,0,0,6.469412837,0,5.080309883,4.940391454,0,0.059603551,1.730267292,14.96302043,0,0,13.43782451,0,0.851419908,0,0.679319407,10.74874927,0,0.009922455,0.634361013,9.443175853,1.559282374,43.65676362,2.370466577,0,24.21784696,0,4.314999652,10.98923497,11.80202046,23.76990709,0,0,0.230531395,0,5.293212322,2.447926785,0,0,0,0,0,8.299791735,8.356221155,0,2.889281078,0,0.723998757,0.834847373,0,0,0,23.22876089,0,0,6.43947404,0,0,10.88497367,26.98286052,25.105592,48.88497332,0,0,0,0,0,0.268324511,0.50537323,62.35476564,0,0,0,0,0.193422877,5.698573986,0,0.886780214,0,16.93524625,19.43549159,10.62168038,1.576256277,0,11.79597039,0,0,3.532626488,0,0,0.503607586,0,2.398718542,10.43099053,4.395616052
2006,2.479161747,22.18861538,0,7.243986573,33.0240484,1.339869374,9.990119264,1.636518204,21.18697316,0,0.263753712,26.84944899,9.503730629,0.010869935,2.855983955,15.13324048,0,0,20.89962519,37.35424485,8.487124967,2.928659663,1.372936987,4.978587783,3.727995591,2.255243165,12.93208141,35.22430216,0.471529559,0.075885625,0.133629792,1.878223275,15.30817238,14.00194323,2.687099059,2.724544663,0.054005792,6.563721836,1.792756358,0.024778292,14.10114464,0.152234693,0.737872093,18.61594912,46.00071478,2.405442035,9.34318291,15.53957233,7.707204262,2.554655907,0,0,5.354648618,0,0,0.000648853,4.457622166,5.915234346,0.664528368,13.28338691,6.67143525,2.983272904,1.382974078,0.876429641,2.102179722,80.22729,3.628355851,4.570431947,0.456785839,1.453469073,17.44381471,1.087529214,6.903932405,42.34289075,0.125388157,0,0,18.30590277,0,0,1.426027,0,0,0,4.403901685,0,26.83202218,0.383611504,5.03275243,0,0,0.672825567,0,0.939665161,0,0,6.181059528,0,5.064232045,5.192482727,0,0.077413687,1.89283189,12.78799543,0,0,14.47748681,0,0.533164146,0,0.83839895,9.802511491,0,0.00967544,0.507256162,10.36600337,1.468374217,37.95763898,2.575954856,0,24.79378891,0,4.195731665,9.887352648,13.21161567,25.55381889,0,0,0.217713162,0,5.036369266,5.169208551,0,0,0,0,0,7.671860789,8.41281441,0,3.042476544,0,0.732292469,0.731324133,0,0,0,24.26587186,0,0,5.530070178,0,0,14.6877138,27.56187673,23.96096587,45.51891357,0,0,0,0,0,0.330658126,0.693920227,59.52641166,0,0,0,0,0.127746244,5.578739476,0,0.691803194,0,17.93006762,9.71146257,10.89347453,1.637709326,0,11.18767315,0,0,4.151971671,0,0,0.451475879,0,2.262709296,11.10486558,4.638130642
2007,2.177703582,12.18660252,0,6.098527322,28.91649251,1.318458288,10.5156695,1.678395528,22.31047046,0,0.252455844,20.48208475,6.487187425,0.011097581,3.765177554,15.10841594,0,0,20.8184719,40.87856186,6.498387628,3.050828283,1.518030629,5.218561841,3.740059583,2.286605934,13.52625187,32.03210326,0.491614021,0.105156909,0.117760732,2.209682361,15.29374414,12.96534731,3.222604383,2.566638479,0.052760349,7.348247268,2.019760983,0.023992021,13.36807471,0.169298063,0.743097295,19.89936044,45.60104917,1.830553551,8.226742444,18.02721974,5.111659365,1.825283016,0,0,5.718775025,0,0,0.000604023,4.060038693,4.105249445,0.360402331,14.79239732,7.121924843,2.892241854,1.511520456,0.816584632,1.943930413,83.71201486,3.600460781,4.46883779,0.435711729,1.46331645,15.3664123,1.0633137,6.902860256,37.08391328,0.121159009,0,0,16.93753356,0,0,1.426992096,0,0,0,3.682228805,0,28.07371397,0.422139004,4.995435022,0,0,0.65953572,0,0.965723402,0,0,6.368184043,0,4.998573417,3.196383257,0,0.089839167,1.985622525,9.299693278,0,0,15.1507338,0,0.578373445,0,0.771336311,9.722864519,0,0.009247724,0.487159574,8.162094,1.786586735,41.91514637,2.571300909,0,25.23708677,0,3.894762102,10.45682241,11.77768388,24.6414104,0,0,0.267789426,0,6.238829481,5.632947138,0,0,0,0,0,8.555524212,8.57921594,0,2.922386313,0,0.802018021,0.524121303,0,0,0,29.86748407,0,0,5.2099695,0,0,17.44547739,24.8720329,24.07635562,46.49265462,0,0,0,0,0,0.322018984,0.664809506,57.07285824,0,0,0,0,0.087533772,4.58111969,0,1.174530218,0,18.04739549,21.921477,10.81815292,1.152211348,0,12.31187654,0,0,4.355314288,0,0,0.404710983,0,2.233002213,11.05743038,4.797304859
2008,2.525101679,15.8982795,0,5.832679423,26.49959105,1.152984492,10.79551833,1.440743718,20.50393827,0,0.305075318,22.251015,7.021040544,0.012313404,3.527997509,14.37233655,0,0,21.21961944,39.50317471,6.8708783,3.520930614,1.595221255,5.691021823,3.448179942,2.392039293,13.48962331,32.84076081,0.587470087,0.118209106,0.123086391,2.18962534,15.88437856,13.50925663,3.205792891,2.123677239,0.065296448,9.963934652,1.85558877,0.025502261,14.79168776,0.252235571,0.732133858,21.10335374,45.6314985,1.859119537,7.105643176,20.9656725,8.496045162,2.182185654,0,0,6.972841279,0,0,0.000616071,4.235841151,5.167389343,0.418208148,15.15176394,8.18071324,2.541034491,1.98702465,0.218510002,1.090355832,86.75519921,4.655470626,4.976944685,0.505623004,1.635046562,15.66463289,0.918329259,7.131013723,27.56117952,0.110930686,0,0,17.48564292,0,0,0.802623017,0,0,0,3.913816344,0,28.05042083,0.447750767,5.940562972,0,0,0.652739592,0,1.00015905,0,0,5.606357305,0,5.065614075,2.686497492,0,0.108417994,2.316956002,10.37361115,0,0,13.98442288,0,0.726800941,0,0.848149518,8.273851115,0,0.013248393,0.434670739,11.0754749,1.881605389,37.38173772,2.502242653,0,26.55379599,0,3.404615089,11.17901438,10.93931762,25.10949928,0,0,0.277165948,0,5.997995525,5.223653698,0,0,0,0,0,11.1821782,8.337179623,0,2.573298088,0,0.795847409,0.633789943,0.000348848,0,0,32.93100489,0,0,4.92514396,0,0,19.23821993,25.9683616,25.53719685,45.90860476,0,0,0,0,0,0.305509675,0.56690802,55.37474947,0,0,0,0,0.062947402,4.563276069,0,1.192853548,0,18.24089292,9.32444722,11.19747267,1.962495398,0,11.50987991,0,0,4.595206521,0,0,0.304753771,0,2.413522578,10.56547316,5.474740409
2009,2.293878407,21.17314894,0,6.677403476,31.56856209,1.223162445,12.1451875,1.664222049,22.18991149,0,0.12728687,24.85111753,8.62978028,0.01458991,3.367882756,15.56147893,0,0,21.26413466,39.19599093,7.391794761,3.555351722,1.954439149,4.995300851,3.489677591,1.843483209,11.51434002,35.09983986,0.589489467,0.12131044,0.120078086,2.320890389,17.47034424,13.27662401,3.262272748,2.28886267,0.064557866,6.834615541,1.627586156,0.023829217,15.6608684,0.400893951,0.780252319,21.65508942,44.47802943,1.794457041,9.847727262,22.01304917,8.708313848,3.001763653,0,0,6.255374721,0,0,0.000585263,5.397116939,6.835997726,0.471456265,16.8344503,8.401755167,2.477729675,2.359900364,0.314056215,0.84241854,87.80350461,4.854135608,5.74107118,0.566700939,1.68014686,17.67395182,0.932015007,7.164814577,30.46189187,0.066014876,0,0,16.97560563,0,0,1.003928475,0,0,0,3.708645905,0,33.42921139,0.428145589,6.850082309,0,0,1.562860815,0,0.969072645,0,0,5.028841162,0,5.116349491,4.225618766,0,0.119600014,3.15744893,17.49731065,0,0,15.1246892,0,0.855317139,0,0.832571825,8.260169142,0,0.012496615,0.349654468,9.904947954,1.98570055,34.68013064,2.689591489,0,29.78718342,0,3.78266568,9.937901091,10.6809956,25.46100588,0,0,0.337887102,0,5.396963212,6.493827415,0,0,0,0,0,12.68055229,9.016544061,0,2.548722502,0,1.697540197,0.553618712,0.00121492,0,0,34.17319351,0,0,6.013856524,0,0,19.05795046,24.55151297,26.86595754,42.91029791,0,0,0,0,0,0.303630016,0.572368181,64.12775652,0,0,0,0,0.165279275,5.392984589,0,1.157194556,0,19.90096094,11.04024368,11.83937261,1.815115434,0,11.36954476,0,0,4.860665194,0,0,0.432776482,0,2.444968338,10.70268225,5.13727401
2010,2.61723535,30.95381353,0,6.050126949,35.00832192,1.475880545,10.85762915,2.558734224,21.03692908,0,0.205467418,25.36873972,10.64960925,0.014373385,2.939633712,14.67716784,0,0,20.63121971,39.32595576,6.147033811,3.687979769,1.369184743,5.258655337,3.387881138,2.200165308,11.14594281,35.1792483,0.518763119,0.075946902,0.134985996,2.653241948,17.23901715,13.2349245,3.566542902,2.14940269,0.037329096,6.333236898,1.748600875,0.023218049,19.29580396,0.464991448,1.030489395,19.33029883,45.27348662,1.534849437,8.593916434,27.26880533,8.122875133,3.940876367,0,0,5.532323838,0,0,0.000628948,5.803609772,8.61579977,0.400940532,16.68217297,8.292845652,2.801540288,2.094822983,0.407892774,1.092905877,88.45464545,4.877301751,5.902529758,0.659336056,1.822950689,17.20422244,0.998097574,7.917088315,34.69508942,0.04706337,0,0,15.70163128,0,0,1.367077081,0,0,0,5.035727877,0,0.996514095,0.397925096,6.810284365,0,0,2.077916147,0,0.997981626,0,0,4.907628795,0,5.196957434,7.674497028,0,0.45976543,3.131206712,20.11305835,0,0,14.37369631,0,0.678997022,0,0.758488047,7.082393822,0,0.011577232,0.457247454,10.72290334,1.720107528,29.83662065,2.699448534,0,32.41005022,0,4.266061387,9.994809784,9.264650617,22.8041884,0,0,0.414194989,0,6.095484893,10.31966011,96.70900399,0,0,0,0,13.66971899,8.644443451,0,2.881207216,0,3.192095158,0.574643191,0.001691763,0,0,35.06373295,0,0,6.584785304,0,0,14.50705835,24.25479028,25.91138849,41.43665405,0,0,0,0,0,0.256737926,0.407010025,64.81715945,0,0,0,0,0.423002703,6.659471853,0,1.127112622,0,18.51728218,18.37821306,11.74401556,2.15866706,0,9.122742786,0,0,4.029065149,0,0,0.550762895,0,2.400944662,10.9127036,5.272405057
2011,2.726740489,16.51619005,0,6.303150176,32.34446716,1.850154608,10.10959525,1.832122472,22.95546922,0,0.236907079,24.1994468,5.279955978,0.012601963,2.993775584,15.39405343,0.004441134,0,21.21699802,39.76804043,5.46225792,3.665282211,1.309420162,5.631911115,3.186795227,3.04674564,13.46177949,36.03145353,0.526461612,0.088182684,0.113580224,3.149072955,18.21219635,11.6460596,4.806225632,2.289974405,0.103238805,7.703759287,1.658387466,0.022643407,18.08221083,0.608462406,1.242572219,20.31354857,47.99166756,1.765248359,10.57220816,19.44668822,8.224192162,3.295692469,0,0,5.235027474,0,0,0.001165317,4.983011652,5.053742481,0.264790655,17.17857504,8.408726424,3.223469738,3.403334909,0.547666919,0.711830276,89.72528057,4.838344772,6.473029297,0.732659292,1.910114363,8.110850293,0.876616843,7.959116279,36.73207499,0.074461494,0,0,15.72786172,0,0,1.355754765,0,0,0,3.889702205,0,1.168389556,0.34961577,5.976218041,0,0,1.260711083,0,0.876932013,0,0,5.224087419,0,5.165049927,4.351174753,0,0.523766539,4.513724999,9.197599514,0,0,13.953373,0,0.384562914,0,0.856777312,7.709993975,0,0,0.399005663,9.515450104,2.037202247,37.3623624,2.839961803,0,33.60183551,0,4.464809286,9.000192299,9.804442001,23.08674267,0,0,0.494211819,0,8.10953125,9.003898256,0,0,0,0,0,12.48804613,8.332639765,0,3.240553237,0,3.338839613,0.551153911,0.002618259,0,0,34.76222391,0,0,4.644515364,0,0,14.56100025,25.59023892,26.89877233,44.15649164,0,0,0,0,0,0.290949758,0.60448025,63.84409064,0,0,0,0,0.461182906,6.692657494,0,0.788239279,0,19.45662658,12.827059,12.02083556,1.859922084,0,10.70812639,0,0,5.989804439,0,0,0.366661023,0,2.66895185,11.36933704,4.363049037
2012,2.339021054,20.95791096,0,6.031638562,27.0079745,1.831530333,12.87800183,1.143799442,20.38588806,0,0.201167271,25.25501884,5.423227644,0.021430313,2.609537975,14.49236591,0.004490808,0,21.77640818,40.41353675,4.803369653,4.311734437,1.217915567,5.254954077,2.494522742,3.317114194,12.98708108,38.65903069,0.567757265,0.095374837,0.135082402,3.76149603,19.57946162,11.25153702,5.33075495,2.526608899,0.11637484,8.574981388,1.712136042,0.021985326,19.4931052,0.741399988,1.467401707,22.02838039,46.77968075,2.160400038,10.66576468,17.05868875,8.111605186,3.966507014,0,0,5.372571435,0,0,0.001205967,5.244370083,5.316907705,0.466719299,18.43728439,8.157599115,2.968356726,3.231902482,0.72414762,0.823558008,89.638477,4.678049877,7.12166611,0.801140112,1.853401306,3.207093278,0.889484959,8.655453581,29.49830857,0.774230185,0,0,15.1119613,0,0,1.487043435,0,0,0,2.642368923,0,1.176159119,0.503040683,7.441825284,0,0,1.086950349,0,0.677324956,0,0,4.533592172,0,5.32874449,3.398048417,0,0.626178783,4.265746321,11.95677855,0,0,12.34051588,0,0.506634571,0,1.00546817,8.500874869,0,0,0.36440257,15.63865173,1.961562705,41.57422977,3.007629991,0,31.48716159,0,4.332608089,11.46115306,9.040484777,22.42513135,0,0,0.626751814,0,8.144437567,7.471474203,0,0,0,0,0,12.24217189,8.285319545,0,2.993948862,4.29E-05,3.974988675,0.628182809,0.004296353,0,0,34.99191266,0,0,5.533379902,0.026710853,0,13.755817,26.94978001,25.9641713,48.05507365,0,0,0,0,0,0.245085011,0.640452384,61.93193197,0,0,0,0,0.60608362,7.176465578,0,0.660362508,0,20.08568884,10.25923462,11.89936596,1.991325302,0,9.653044013,0,0,7.588987107,0,0,0.359750206,0,2.371184726,11.64862159,4.288045185
2013,2.952296051,26.30974118,0.025763192,6.240374525,27.66041882,2.285736,12.48371677,0.923792021,21.0016933,0,0.262139363,25.69103106,9.642014477,0.046032569,2.79828054,13.19855871,0.005653881,0.003465086,22.95455488,39.41955841,4.560161716,4.793418462,1.020837303,5.000633555,2.575442834,3.18108037,12.61093513,37.02324375,0.571603577,0.114092466,0.152554202,4.717735106,20.26947557,11.07170725,5.882180981,2.805238699,0.059647379,7.219226226,1.6586088,0.021564964,21.84623934,0.783297787,1.623859428,22.01725312,46.88525377,1.517065094,11.20671368,18.64727725,7.911607532,6.059495967,0,0,4.835999544,0,0,0.001848843,5.043065713,9.4977984,0.295892641,18.88309866,8.110965447,3.18726186,3.484052888,1.11832456,0.82887465,89.53228033,4.952367893,8.276791386,0.690305081,1.94066493,2.979747428,0.815996665,9.686151973,28.52696867,1.469344777,0,0,14.01665736,0,0,1.845227077,0,0,0,6.14868303,0,1.466323244,0.670730295,6.008674085,0,0,1.863259464,0,0.871254592,0,0,4.769474872,0,5.533203148,5.441623704,0,0.862508918,4.567672988,21.93432861,0.138991907,0,11.44357706,0,0.636630186,0,1.050626053,6.39746614,0,0.011995743,0.341814474,19.07471827,1.746004597,34.31338045,2.685082746,0,33.19513767,0,4.621465982,11.1638315,9.538509951,20.36984555,0,0,0.77872218,0,11.0193518,11.65554498,0,0,0,0,0,14.9405611,8.37103366,0,3.243936823,4.47E-05,4.888146956,0.722893319,0.005548365,0,0,37.48084017,0,0,5.915787395,0.025400576,0,16.26998809,27.30638077,26.82082515,47.47494635,0,0,0,0,0,0.190404796,0.452634404,56.43989182,0,0,0,0,0.732721394,7.954758,0,0.620128265,0,19.92327828,15.60310871,12.12134655,2.315794132,0,10.44880867,0,0,7.468363541,0,0,0.533818018,0,2.784258318,11.86384693,3.807026628
2014,2.954634798,17.92420559,0.09690708,5.878946417,27.51341027,2.553106587,12.86974617,0.783595861,17.95378166,0,0.178927965,26.93385548,6.523638524,0.041223519,2.338000813,12.45975844,0.004839668,0.003165806,22.53991656,43.56600865,6.014191972,5.426837341,1.18572557,5.732584523,2.641084328,3.115238957,12.58620345,36.75267284,0.601749741,0.103649052,0.139526654,4.622443352,20.20814004,11.70940465,7.467662828,2.734576494,0.042273873,7.024232502,1.78617514,0.021121165,22.60994999,0.89886025,1.738184349,21.79057148,50.07440869,1.350488676,11.29960822,16.71150041,7.988048468,5.324267919,0,0,4.765230659,0,0,0.001811084,4.818097221,10.69441545,0.186376818,19.05768569,8.231274486,3.019171705,4.035406749,1.007423016,0.509420158,88.99552586,5.172850451,9.314972121,0.780815787,1.922485162,2.791515069,0.928455748,15.98579759,30.1318063,2.505576411,0,0,15.48959703,0,0,0.544942475,0,0,0,3.889205481,0,1.391484189,0.717717013,4.230497971,0,0,1.613394792,0,0.830948831,0,0,5.177667797,0,5.820311036,4.562983353,0,1.3044989,3.932334313,15.75229899,0.272009059,0,11.95474034,0,0.730254098,0,1.305297982,7.167472504,0,0.011918414,0.341297141,18.4524679,2.353801492,41.31840005,2.792681931,0,34.50800744,0,4.520603798,10.51496721,8.209095169,20.26694974,0,0,0.942257239,0,9.386154717,12.75755051,91.98485668,0,0,0,0,16.91849321,8.816259486,0,3.061353955,4.03E-05,5.114385397,0.710557933,0.011051279,0,0,36.5758752,0,0,7.183048781,0.024563288,0,16.935561,28.27091914,33.70588639,48.5356289,0,0,0,0,0,0.312608008,0.462050006,49.05975342,0,0,0,0,0.89352164,7.120457544,0,0.903153818,0,22.76086865,18.94417015,12.11034098,0,0,0,0,0,0,0,0,0.601530972,0,2.699056345,0,0