Country,Code,1990,1991,1992,1993,1994,1995,1996,1997,1998,1999,2000,2001,2002,2003,2004,2005,2006,2007,2008,2009,2010,2011,2012,2013,2014
Aruba,ABW,,,,,,1.245085912,7.814431719,6.66662183,1.154469392,4.514062033,-0.364695779,-2.164459409,0.465289865,7.519472373,1.176690484,0.380390971,2.355119443,-3.654626242,-6.881302064,-5.653502086,,,,,
Afghanistan,AFG,,,,,,,,,,,,,,8.444163227,1.055555787,11.17527024,5.554137623,13.74020499,3.611368392,21.02064874,8.433290482,6.113685169,14.43474129,1.959122893,1.312530908
Angola,AGO,-0.300000019,-1.199999989,-6.900000002,-24.69999999,3.499999989,10.40000002,11.19999997,7.90000001,6.804762116,3.239799671,3.012076171,4.220965147,-6.940461553,5.247494541,10.87957748,18.26145032,20.73512488,22.5930543,13.81714581,2.412869693,3.407654794,3.918596986,5.155440545,6.81358577,4.804472704
Albania,ALB,-9.575640169,-29.5889977,-7.199999986,9.600000045,8.29999998,13.29999999,9.100000008,-10.83785574,9.00885254,13.50117338,6.666620499,7.940331425,4.231371018,5.773490561,5.709556596,5.720819947,5.431012739,5.9,7.529999989,3.350000009,3.709999994,2.550000005,1.419999998,1.109999993,1.799999998
Andorra,AND,3.78138759,2.546002872,0.929211956,-1.031484011,2.383187691,2.757499187,4.649740149,9.067672199,3.194790296,4.099080837,1.165787079,6.066780597,6.426845139,12.02391974,8.069504291,7.839704496,4.585310593,0.078039378,-8.594256008,-3.817986024,-5.347977181,-4.802675037,-1.760010328,-0.063514313,
United Arab Emirates,ARE,18.32798551,0.860081945,3.344944873,1.261190952,6.896148545,6.687886471,5.798404051,8.190398652,0.291994344,2.90221365,10.8527042,1.399085028,2.433456814,8.800540817,9.566436643,4.855141195,9.837319773,3.184390174,3.191836271,-5.242921906,1.635449055,6.358920202,5.104679427,5.789906075,3.284926134
Argentina,ARG,-2.398959219,12.66971009,11.94077473,5.906919492,5.836200704,-2.845209611,5.526689827,8.111046771,3.850178852,-3.385457041,-0.788998939,-4.408839683,-10.89448483,8.837040796,9.029573301,8.85165992,8.0471515,9.007650875,4.057233103,-5.918525076,10.12539816,6.003951693,-1.026420454,2.405323781,-2.512615321
Armenia,ARM,,-11.69999848,-41.80000275,-8.799998792,5.40000279,6.899998407,5.865400748,3.321079696,7.3,3.3,5.9,9.556641496,13.18630053,14.04079506,10.46784186,13.86571125,13.19800352,13.74920196,6.900000002,-14.14998864,2.199999999,4.699999999,7.200000003,3.300000002,3.600000001
American Samoa,ASM,,,,,,,,,,,,,,0.814111262,0.538358008,-0.401606426,-4.166666667,1.963534362,-2.613480055,-4.237288136,0.442477876,0.293685756,-4.39238653,-3.215926493,1.424050633
Antigua and Barbuda,ATG,3.011645772,2.176873116,1.158326269,5.280071488,6.676195163,-4.35949399,6.604818088,5.471131932,4.731313712,3.707894618,6.084634973,-5.196166358,1.087719703,6.110539449,5.811431058,6.287283752,12.80496079,9.289614439,0.047676393,-12.03555504,-7.041724676,-1.763273019,3.837469787,-0.200091657,4.602793308
Australia,AUS,3.530801438,-0.375332994,0.436463912,4.0619942,4.051610741,3.88933225,3.948807277,3.947615227,4.44013975,5.006807026,3.867868797,1.930054261,3.852927051,3.068304851,4.145671395,3.203548132,2.978054386,3.74972737,3.698140685,1.811957199,2.005879701,2.3728207,3.634249616,2.569856088,2.60945748
Austria,AUT,4.345641565,3.441627387,2.093524719,0.526809483,2.402118754,2.667983671,2.398314295,2.20501964,3.559966919,3.589987751,3.368407715,1.35051608,1.655854943,0.756156576,2.705743088,2.140682596,3.350831358,3.621510423,1.547263839,-3.799075048,1.928673056,2.807999932,0.7457561,0.124223545,0.644844832
Azerbaijan,AZE,,-0.69999996,-22.60000039,-23.09999955,-19.70000002,-11.8000009,1.3000002,5.800000524,10.00000028,7.400000582,11.09999925,9.9,10.5999992,11.20000024,10.2000004,26.40000081,34.49999951,25.04899952,10.77242078,9.410653764,4.854339324,0.065922768,2.200000188,5.796678396,2
Burundi,BDI,3.49982214,4.996836451,1.009998366,-6.239999999,-3.829999997,-7.920000001,-8.000000001,-1.589999997,4.749999992,-1.009999996,-0.856864059,2.055807109,4.446519419,-1.223727959,4.833657762,0.900000003,5.384657398,4.785831951,5.048118783,3.468425425,3.785902543,4.191625681,4.01936553,4.594054218,4.660918184
Belgium,BEL,3.137402456,1.833074306,1.530654787,-0.961873089,3.226971478,2.384757216,1.593571255,3.71019693,1.975511603,3.563093603,3.633841364,0.811644083,1.780253197,0.774498227,3.634776681,2.094484986,2.499134928,3.397493226,0.747284182,-2.285112803,2.695144611,1.796629974,0.137051659,-0.062349215,1.646183423
Benin,BEN,8.976134361,4.225799419,2.957710826,5.836172088,2.020400448,6.045198648,4.324284031,5.734688377,3.961012138,5.341449372,5.859992101,5.330410857,4.644470026,3.444044849,4.429629024,1.711577628,3.947013747,5.986515522,4.893393918,2.319226924,2.116850127,2.962750351,4.810283413,7.193096519,6.357520953
Burkina Faso,BFA,-0.60292848,9.069984461,0.232710763,3.461384935,1.315007272,5.716373867,11.01474387,6.316834735,7.307719633,7.404178966,1.820241893,6.613399555,4.353004323,7.802439898,4.478474349,8.661861605,6.253158604,5.655005118,7.29449815,2.962014371,8.446325183,6.521769448,6.452674754,2.814663076,4.185944746
Bangladesh,BGD,5.622258162,3.485227815,5.442685551,4.711561724,3.890126441,5.121277897,4.522919218,4.489896497,5.177026873,4.670156368,5.293294718,5.077287776,3.83312394,4.739567399,5.23953291,6.535944941,6.671868265,7.058636206,6.013789759,5.045124794,5.571802274,6.46438388,6.521435078,6.013596067,6.061093054
Bulgaria,BGR,-9.117377097,-8.445355238,-7.272387907,-1.480214829,1.818011241,2.860189441,1.599999963,-1.099999912,3.499999833,-5.609999976,5.010949436,4.248025257,6.018122264,5.077522246,6.555566547,7.236192982,6.753133915,7.675350682,5.647005366,-4.219726999,0.054557923,1.915018011,0.030943608,0.862092738,1.328849722
Bahrain,BHR,4.437997176,11.22999878,6.689998367,12.87000667,-0.250001485,3.929991545,4.110006115,3.092999787,4.790002789,4.29999896,5.299994794,2.491033565,3.614148289,6.023951196,6.980946984,6.768939709,6.468567672,8.292443822,6.245128341,2.539772469,4.334407088,1.983823256,3.732251521,5.416503715,4.34984233
"Bahamas, The",BHS,-1.596249086,-4.181784638,-3.825582728,0.307806938,3.148916191,4.378751399,4.22353068,2.06223949,4.716473825,7.144129932,4.1492464,2.625627121,2.704629513,-1.264744629,0.882884233,3.39529267,2.516863841,1.446522215,-2.324172373,-4.180919802,1.547005157,0.611979167,3.08010871,0.012554928,-0.527240773
Bosnia and Herzegovina,BIH,,,,,,20.80000055,88.9576648,34.38957459,15.59999636,9.599999795,5.500000436,4.399999507,5.300000267,4.000000065,6.099999771,8.758230335,5.378476821,5.728756912,5.48150787,-2.869881278,0.767254237,0.908247974,-0.933187591,2.394191979,1.08187567
Belarus,BLR,,-1.2,-9.6,-7.6,-11.7,-10.4,2.799999999,11.4,8.4,3.4,5.800000001,4.725306006,5.045267318,7.043192675,11.44974293,9.4,10,8.6,10.2,0.2,7.793696038,5.543711462,1.731391223,1.023984805,1.723086003
Belize,BLZ,10.62857607,10.49704249,12.0357579,6.276563742,0.157938679,0.643973578,1.428722665,3.545178858,3.740956602,8.780371455,13.03876213,5.015662999,5.118559443,9.326537858,4.650468034,2.578742031,4.582560297,1.104310804,3.228494977,0.71311775,3.32444222,2.103950804,3.824748783,1.31407917,4.081034021
Bermuda,BMU,0.019212296,-3.534383404,-0.059737157,3.008567444,0.599613153,4.399147856,2.600476046,4.6,3.9,3.382648714,9.317155577,7.222436009,-1.477790375,3.410706204,2.321266476,1.674207149,5.543865928,2.845890114,1.52789391,-5.284177149,-2.094113534,-3.33949441,-4.834540171,-2.511154431,
Bolivia,BOL,4.635787879,5.266522121,1.646500039,4.269294855,4.667266263,4.6782771,4.361340294,4.954208743,5.029354755,0.426885423,2.507810809,1.683799127,2.485565738,2.711339837,4.173295589,4.421433127,4.797008824,4.564284925,6.148597672,3.357001259,4.126722565,5.204092718,5.122274661,6.796011706,5.460569752
Brazil,BRA,-3.102355949,1.511937238,-0.46691321,4.665168989,5.334551702,4.416731354,2.207535528,3.395028637,0.338356179,0.469066587,4.11256491,1.389867166,3.053303731,1.141007013,5.759876004,3.202135213,3.961902656,6.069872846,5.09434227,-0.125873062,7.528223562,3.974425406,1.921150318,3.004865359,0.503961791
Barbados,BRB,-3.29999517,-3.900008353,-5.70001675,0.800000624,2.000000125,2.023261449,3.966274789,4.740148487,3.740458015,0.325869862,4.453059514,-2.36733875,0.791122984,2.171253823,1.406764442,3.96497442,5.668590896,1.764284435,0.396022177,-4.041023843,0.264912761,0.756195335,0.298399494,-0.072124053,0.063154096
Brunei Darussalam,BRN,1.089420535,3.145941362,4.758580846,0.304572874,3.145397395,4.47870734,2.878317747,-1.471171572,-0.558508851,3.052157142,2.849421858,2.744040518,3.872096967,2.903955477,0.504318253,0.387507208,4.397719678,0.154581812,-1.939714638,-1.764535541,2.598965746,3.745318352,0.912841671,-2.126028517,-2.34974675
Bhutan,BTN,10.87643469,-0.407876089,4.600891432,1.98636659,4.95150367,7.074117278,5.565172862,5.373838519,5.914030835,7.983972022,6.93302424,8.203773861,10.72784061,7.664334042,5.896408192,7.12255965,6.849365932,17.92582494,4.768354226,6.657223796,11.73085436,7.890913893,5.071709815,2.142496554,5.745455168
Botswana,BWA,6.772821949,7.458709112,2.917070307,1.916107142,3.627916021,7.030410261,5.829800078,8.026549026,0.721993155,9.667240742,1.987695854,0.250573867,6.069530868,4.625894792,2.705821737,4.556645657,8.363871069,8.276763758,6.245437398,-7.652310203,8.563631748,6.048316381,4.456167218,11.34342423,4.149252734
Canada,CAN,0.154346036,-2.125692233,0.882976026,2.655235883,4.493474619,2.677708436,1.611048031,4.279812433,3.881759144,5.1632109,5.182690286,1.770819089,3.010016308,1.802273312,3.085961209,3.201382137,2.623412623,2.06274769,1.000360973,-2.949587643,3.08351422,3.141219001,1.745472283,2.475001859,2.565299274
Switzerland,CHE,3.674625648,-0.91581658,-0.043732994,-0.125983535,1.269757686,0.480866434,0.601093571,2.312047342,2.944772466,1.64337202,3.946102508,1.446594802,0.143394375,0.049708149,2.842948357,3.038305348,4.012785508,4.140348369,2.277240085,-2.129618511,2.953816768,1.804553915,1.048102636,1.78057952,1.996886159
Channel Islands,CHI,,,,,,,,,,3.770263675,5.826641469,-1.51296126,-1.632206598,-3.202156942,0.224197396,1.377734157,4.882299364,5.898329661,,,,,,,
Chile,CHL,3.333565473,7.804392186,11.16670773,6.588783827,5.030197977,8.933295869,6.802916596,7.427889808,4.324579497,-0.412096167,5.326938419,3.303047313,3.106970532,4.091047685,7.209539709,5.742830489,6.317176343,4.905324504,3.529530553,-1.564239443,5.844177296,6.110918829,5.318628,4.045004298,1.909693358
China,CHN,3.907113896,9.294075913,14.21616358,13.86757602,13.05215872,10.94922737,9.928372463,9.230769231,7.837613919,7.66748617,8.491508492,8.33991055,9.130645945,10.03560303,10.11122346,11.39577594,12.71947902,14.23138804,9.654289373,9.399813171,10.63614046,9.536443008,7.85626211,7.757635146,7.297665959
Cote d'Ivoire,CIV,-1.095908411,0.040925169,-0.244560612,-0.1924851,0.811206685,7.125744724,7.729327422,3.743553144,4.930679628,1.617527443,-2.068400057,0.121371915,-1.667642138,-1.359535943,1.23177284,1.721247367,1.515842364,1.765036784,2.542841476,3.251453719,2.017638592,-4.387254788,10.7065041,8.889421302,8.79407739
Cameroon,CMR,-6.105697646,-3.808599372,-3.100003211,-7.932066575,2.063402475,4.128370945,4.911939543,5.314158464,4.895359526,4.062278838,4.173581032,4.514271087,4.009044571,4.030993316,3.701854054,2.296852856,3.224002985,3.255664493,2.884046234,1.931850591,3.268648874,4.140591847,4.588738701,5.561688129,5.926964959
"Congo, Dem. Rep.",COD,-6.568310695,-8.421051499,-10.50000856,-13.46905054,-3.899996803,0.69999883,-1.023172642,-5.617046599,-1.624154045,-4.270140831,-6.910927317,-2.100173025,2.947765184,5.577822311,6.738373933,6.135151155,5.320981058,6.259469847,6.225900286,2.855060107,7.078889424,6.864630026,7.157859628,8.503503317,9.509963565
"Congo, Rep.",COG,1.000003567,2.395367454,2.611948052,-0.979683206,-5.493075745,3.985324378,4.290481556,-0.62481215,3.73755277,-2.582199357,7.575980392,3.8026019,4.581870061,0.813264075,3.476631623,7.755758978,6.235997013,-1.58222275,5.572264173,7.468878032,8.751655799,3.42062127,3.799995854,3.440705249,6.779940953
Colombia,COL,6.042038478,2.277231497,5.032677497,2.365650574,5.835811494,5.202437593,2.055854712,3.430293678,0.56978409,-4.204015244,4.419993,1.677898308,2.503980465,3.918271904,5.333022067,4.706555934,6.697515258,6.900627655,3.546804886,1.651549245,3.971800705,6.589511516,4.043943806,4.874065579,4.39360834
Comoros,COM,5.091392685,-5.395598907,8.530923433,3.005937478,-5.276682038,3.610129478,-1.291668436,4.030340669,1.282662475,1.924123666,10.84807495,2.332936494,2.324779259,2.104101953,1.919602379,2.837407764,2.646899868,0.800152799,0.400266855,1.949999978,2.199999982,2.600000088,2.999999972,3.499999994,2.061639469
Cabo Verde,CPV,0.692171874,1.404146852,10.93764724,8.708311376,19.18264182,14.21163626,11.34652473,11.11842604,12.51728567,11.22264853,14.28486883,2.231654493,5.250891246,4.176259302,10.19707261,6.912457988,7.983750447,15.170688,6.65052049,-1.270425968,1.466790097,3.968886345,1.081918312,0.802797545,0.611212683
Costa Rica,CRI,3.904917795,2.571919975,9.196560573,7.087517585,4.48726748,4.121496228,1.237816293,5.564945334,6.96170009,3.943353886,3.73453301,3.490469432,3.291753197,4.255476254,4.336575111,3.870873066,7.237732806,8.167896116,4.649598462,-0.970548313,4.951863844,4.30710166,4.796919919,2.2690274,3.656803633
Caribbean small states,CSS,1.351897126,1.538591773,-0.178023944,2.826976718,2.673763136,3.056470002,3.335748261,3.094673558,2.886581299,4.014945454,3.645972506,2.031531828,3.813324749,6.073657027,4.21148182,3.720761461,6.849318159,3.22543126,1.420686652,-3.524505971,1.424573755,1.07646943,1.254539681,1.648740801,0.459584512
Cuba,CUB,-2.948564945,-10.69269725,-11.5806029,-14.87818062,0.716930038,2.457201143,7.838749977,2.78342506,0.15914605,6.188755307,5.914760019,3.185029904,1.424821261,3.792740223,5.77053807,11.20165656,12.06586298,7.262136966,4.116828042,1.451305431,2.390352297,2.802300836,3.014900289,2.747602563,1.047576632
Cayman Islands,CYM,,,,,5.305202786,,,,,,,,,,,,,,,,,,,,
Cyprus,CYP,7.403999506,0.739501448,9.399998832,0.700000292,5.899998774,8.468188508,1.333013436,2.56560816,5.23555375,4.828548364,5.724401738,3.60066503,3.399104373,2.475869511,4.570303485,3.724317726,4.51018332,4.820710541,3.863966058,-1.772450751,1.317777804,0.321196,-3.157777674,-5.95274791,-1.531451634
Czech Republic,CZE,,-11.61494236,-0.506542349,0.061904248,2.909309465,6.221406001,4.282799044,-0.674271248,-0.316032669,1.438050224,4.294136059,3.051521283,1.64694964,3.601842545,4.947456257,6.4422623,6.87654427,5.529266339,2.710955571,-4.841785296,2.295089687,2.004704006,-0.799844281,-0.483671041,2.715116132
Germany,DEU,5.255006086,5.108261508,1.923807011,-0.956165307,2.45737182,1.737640631,0.817897617,1.84920067,1.979618407,1.987134949,2.962045368,1.695471452,0,-0.709906172,1.169970413,0.706713948,3.700159572,3.260535297,1.082315404,-5.618860435,4.079933305,3.660000155,0.491992829,0.489584482,1.595338098
Djibouti,DJI,,-4.27761666,-0.017966978,-6.620881242,-0.937342557,-3.488261164,-4.115498865,-0.745872137,0.099378566,2.179006178,0.416213954,2.047764413,2.61856229,3.199959365,3.8264761,3.169601169,4.799864683,5.100061387,5.799962619,5.032627058,3.486917489,4.467514526,4.842379573,4.999907255,6.000194324
Dominica,DMA,5.254898279,0.607930897,2.047356934,1.680944019,1.431325265,1.974719115,2.641783027,1.490817886,4.978087155,0.683294802,0.375310954,0.473103034,-1.753160254,7.687213049,3.250144236,-0.088242377,2.9296875,6.321005693,7.120741901,-1.169757154,0.672542759,-0.231011331,-1.069790405,0.770640683,4.186963091
Denmark,DNK,1.475244726,1.393656029,1.957011566,0.010659428,5.332448645,3.027634073,2.900068335,3.260879794,2.218161888,2.948007099,3.746900212,0.8231493,0.466344928,0.390073865,2.668193459,2.336664491,3.912980152,0.909252996,-0.512025222,-4.906525558,1.870992639,1.336774667,0.226468476,0.933349282,1.67593432
Dominican Republic,DOM,-5.454312395,0.944138889,10.51318199,7.222621361,2.303256396,5.493629299,7.131367357,8.004274432,7.010597728,6.715354091,5.656604877,1.809229488,5.788207316,-0.25335881,1.31195822,9.262750074,10.67115484,8.710414118,3.209504262,0.946155168,8.317067728,3.101917311,2.793910372,4.742064192,7.608964836
Algeria,DZA,0.80000058,-1.200000584,1.800002301,-2.100000759,-0.899996549,3.79999479,4.09999847,1.099999938,5.100003611,3.200001551,3.819678496,3.008395466,5.60932319,7.201872244,4.301624264,5.907791268,1.684488319,3.372875154,2.360134861,1.632243838,3.634145353,2.891865995,3.374768651,2.767638867,3.789121212
Ecuador,ECU,3.679914053,4.291342398,2.114310675,1.973218079,4.258250468,2.252548774,1.731747514,4.327864764,3.266529404,-4.739385791,1.091801564,4.0156299,4.096776659,2.722877337,8.211020917,5.291308267,4.403526434,2.190063972,6.3571306,0.566491592,3.525298669,7.868140919,5.641962067,4.946511267,3.992708509
"Egypt, Arab Rep.",EGY,5.70174926,1.078837266,4.431994172,2.900786557,3.973172322,4.642466699,4.98873054,5.491123819,4.036373365,6.105463321,5.367997672,3.53525197,2.370460092,3.19228475,4.0899404,4.478960164,6.853907786,7.090271001,7.157616776,4.673844855,5.14510637,1.779594033,2.215608782,2.185466054,2.91591188
Eritrea,ERI,,,,13.45476252,21.22141136,2.858379037,9.258838371,7.908684909,1.772582792,0.013480241,-3.141985774,8.75543519,3.005429218,-2.655515842,1.451735534,2.57444953,-0.969216929,1.42682206,-9.783030037,3.87650156,2.194190545,8.679799936,,,
Spain,ESP,3.781393447,2.546000579,0.929215423,-1.031491774,2.383195323,2.757494028,2.674639067,3.689613998,4.305978447,4.484901183,5.289093179,4.001069225,2.879762121,3.187571476,3.166746501,3.723102943,4.174119116,3.768895263,1.115972755,-3.57381203,0.013786544,-1.000080488,-2.929811429,-1.705894868,1.378998287
Estonia,EST,,,,,,,5.323844874,11.79861872,4.117257751,-0.856448276,10.56807495,6.328710504,6.076394702,7.416163365,6.294746225,9.373711454,10.27188409,7.748192368,-5.41945589,-14.72440391,2.259075894,7.597300209,4.307258988,1.41521431,2.822906967
Ethiopia,ETH,2.726451783,-7.137479708,-8.672480128,13.14283396,3.18996457,6.127511412,12.42617378,3.133906867,-3.458139148,5.162145824,6.073217492,8.301306322,1.514725693,-2.161359721,13.57260315,11.81876594,10.83472707,11.456167,10.78852168,8.802553202,12.55053834,11.17829624,8.647811635,10.58227004,10.25749296
Finland,FIN,0.675783494,-5.914425874,-3.32462938,-0.734493304,3.93926095,4.207130673,3.658833063,6.251807841,5.428512567,4.444134273,5.634847452,2.580792075,1.680325089,1.993984087,3.926057175,2.779955031,4.055197444,5.184800809,0.720668487,-8.269036558,2.992337502,2.570817745,-1.42618936,-0.758036295,-0.631728091
Fiji,FJI,5.800002719,-2.700002821,6.100001394,2.130031625,5.100000159,2.499998538,4.800000929,-2.200000762,1.300001962,8.799998029,-1.69999854,1.999999468,3.200000514,0.999998468,5.300000292,0.700000383,1.852483092,-0.850653535,1.032794215,-1.386037485,2.954672074,2.705142971,1.883476699,6.080493782,5.446469358
France,FRA,2.914009701,1.039105331,1.599671214,-0.612652833,2.345385593,2.085084537,1.388004028,2.337333404,3.556201252,3.407099149,3.875162259,1.954449425,1.118456892,0.81953167,2.786424111,1.607713814,2.3749469,2.361498873,0.195294766,-2.941341055,1.965657375,2.079229175,0.182693034,0.576241547,0.947586471
"Micronesia, Fed. Sts.",FSM,3.740926857,7.427341227,4.008016032,8.140655106,-0.534521158,7.084012539,-3.111552175,-6.065738569,2.955722519,1.383750704,4.5632095,1.747193334,0.599899534,1.825861414,-3.231262222,2.160556312,-0.163398426,-2.059676851,-2.559644172,0.961955354,2.530578819,2.050567151,0.564158003,-3.561500944,-3.402905331
Gabon,GAB,5.192237277,6.112503483,-3.090145652,3.946555008,3.712754841,4.973847763,3.62504902,5.738367395,3.477833587,-8.932622802,-1.882966398,2.135233422,-0.249033169,2.247330012,0.689543058,3.900705466,-3.634637434,5.658952383,-3.308430649,0.13033112,7.089887315,7.091753343,5.251076918,5.63841405,4.314877125
United Kingdom,GBR,0.716882963,-1.118984053,0.359872415,2.507013675,3.885074775,2.506372852,2.548734414,3.127178462,3.190779372,3.283348204,3.744962443,2.726107338,2.397248284,3.466238898,2.52787714,2.972095798,2.50300856,2.555819112,-0.627205201,-4.327737609,1.915161833,1.509061782,1.313018598,1.911078411,3.070483794
Georgia,GEO,-14.7882259,-21.10000057,-44.89999991,-29.30000147,-10.39999328,2.599995222,11.20000269,10.51904065,3.104903424,2.869256461,1.838341787,4.805452136,5.473838085,11.05810212,5.857329773,9.599640804,9.383276297,12.34399988,2.314047429,-3.650101341,6.24941822,7.22152322,6.350482702,3.387043755,4.62333166
Ghana,GHA,3.328817883,5.28182629,3.879419253,4.850000564,3.299999591,4.11241904,4.602461045,4.196357576,4.700390779,4.39999686,3.700000115,4,4.499999699,5.199999984,5.59999999,5.900003953,6.399912419,4.346819153,9.149799094,4.845756132,7.899740293,14.04600263,9.292511869,7.312525021,3.985865624
Guinea,GIN,4.324062754,2.613423005,3.2709473,5.044144542,3.970099106,4.607673202,4.461575085,5.181603459,3.644121242,3.812004035,2.503060561,3.658346471,5.164609466,1.24860126,2.340117313,2.997272561,2.496728569,1.757682351,4.936932709,-0.280192286,1.936217423,3.90876145,3.944111989,2.299999238,0.399998601
"Gambia, The",GMB,3.558879369,3.107039256,3.378688939,3.012101064,0.154346248,0.881848176,2.223545592,4.899999092,3.499998513,6.399999316,5.500000174,5.800000236,-3.250000307,6.869999803,7.049999934,-0.941675912,1.124099702,3.631025533,5.734641946,6.449695858,6.524632607,-4.328668868,5.862230311,4.780907872,0.877460638
Guinea-Bissau,GNB,6.099999986,5.100000023,1.099999971,2.1,3.20000002,4.400000008,11.6,6.5,-28.09997973,1.025537409,5.426987367,2.188906815,-0.985177525,0.568510176,2.76140199,4.265425195,2.309750124,3.205047637,3.207377203,3.311677665,4.431841531,9.334144235,-1.79798851,0.820272407,2.541075109
Equatorial Guinea,GNQ,-1.758564117,-1.022238888,34.74532003,11.03321304,16.66883554,17.48626373,66.57999722,149.9729635,23.77448233,25.66401544,18.21377996,63.37987543,19.46283404,13.95525032,37.99872686,16.74870061,7.704917607,15.28211392,17.79910913,1.343356288,-8.924175889,6.52392363,8.312871844,-4.133192499,-0.694533428
Greece,GRC,0,3.099999982,0.700000012,-1.600000003,2.000000007,2.099719767,2.862128846,4.484199148,3.894904772,3.072596664,3.919770772,4.131612076,3.922871842,5.794531264,5.060992565,0.599142055,5.65243372,3.273746857,-0.335172557,-4.300733667,-5.479037108,-9.132494153,-7.300493935,-3.241425025,0.352849233
Grenada,GRD,4.012611902,1.385549494,-0.851151241,-1.958817029,1.693555543,2.129476239,4.438231932,5.015500932,11.74299014,6.908414323,4.887953465,-2.023900041,3.43732353,9.463973431,-0.647450316,13.27306387,-4.017708784,6.150583245,0.949050949,-6.613908956,-0.511266454,0.764825341,-1.155295176,2.352300913,7.356770265
Greenland,GRL,-11.71953298,-0.113464954,-5.111699131,-5.027933615,5.924369763,3.72867855,1.529636598,1.468926802,7.75798163,1.377884831,7.101596385,1.269035435,-0.971177904,-0.379625743,6.733427113,2.743728226,7.107168166,0.597979933,3.599853475,1.491481839,2.711091404,1.491674376,1.519121948,-2.962103924,-0.815753763
Guatemala,GTM,3.10256318,3.658248747,4.838338808,3.927131992,4.033741477,4.948547507,2.957779899,4.364089932,4.993527823,3.847062161,3.608868745,2.33257416,3.866626553,2.530789948,3.152081835,3.260111043,5.379776769,6.304056515,3.281152283,0.52567459,2.869902893,4.161945918,2.970025412,3.697177338,4.174400627
Guam,GUM,,,,,,,,,,,,,,0.920598389,6.431014823,3.535461753,-3.828642384,0.81773187,1.728922092,0.314729333,2.091612633,0.12292563,2.025782689,1.865222623,1.260090569
Guyana,GUY,-3.038084903,5.984609957,7.831446686,8.213837994,8.523309353,4.986313614,7.883466726,6.226948358,-1.708567128,2.969880978,-1.376727515,2.249999297,1.051000768,-1.00525525,3.293924791,-1.956911156,5.129609355,7.020313451,1.976647058,3.31862417,4.370869417,5.437126058,4.816458917,5.22162589,3.840915282
High income,HIC,3.258840791,1.502964111,2.071513631,1.320640371,3.17498683,2.885454359,2.982252359,3.317022482,2.707061489,3.281947932,4.047996577,1.490807535,1.538964443,2.122510709,3.282209426,2.740798563,3.001940532,2.587159153,0.304881086,-3.415319324,2.94071358,1.823266706,1.248319951,1.376139926,1.940822112
"Hong Kong SAR, China",HKG,3.830461852,5.70192436,6.234898845,6.201078916,6.036019718,2.373783132,4.258536909,5.099680858,-5.882633958,2.506773133,7.663460147,0.560825975,1.656729719,3.056366722,8.700100888,7.388148915,7.03266663,6.464825366,2.12793344,-2.459090067,6.767648064,4.814657666,1.700296616,3.101566931,2.762408155
Honduras,HND,0.096880396,3.252033819,5.624295813,6.230032036,-1.303257181,4.062976116,3.595249724,4.993718608,2.901585416,-1.889534893,5.748148174,2.723193273,3.754337861,4.547038052,6.232302961,6.050599222,6.567243552,6.188327167,4.23160011,-2.43162788,3.731140344,3.835690662,4.128687749,2.791559757,3.058080562
Croatia,HRV,,,,,,,5.873698253,6.645474107,1.861880909,-0.935499992,3.767496172,3.434404365,5.246474529,5.557907035,4.082810688,4.163840897,4.785120878,5.15000498,2.0533655,-7.383783,-1.701249763,-0.281262662,-2.187429172,-1.063921096,-0.491757527
Haiti,HTI,,,,,,,,2.704713115,2.181841028,2.71024702,0.87005972,-1.044374391,-0.251464534,0.363800337,-3.522888132,1.805010846,2.249221904,3.343279015,0.843944329,3.083247688,-5.497792337,5.523737754,2.885096051,4.234052891,2.810148498
Hungary,HUN,,,-3.064180345,-0.576108517,2.947154557,1.489525475,0.0055837,3.305862171,4.218935085,3.204949192,4.202333971,3.774101285,4.503063882,3.82774715,5.005389217,4.38289382,3.855745781,0.448348194,0.889204526,-6.563634275,0.677098149,1.739423344,-1.602512404,2.117146834,4.04732118
Indonesia,IDN,7.242131639,6.911982836,6.497506517,6.49640812,7.539971096,8.220007399,7.818187077,4.699878854,-13.12672549,0.791126082,4.920067747,3.643466447,4.499475391,4.780369122,5.030873945,5.692571304,5.500951785,6.345022227,6.0137036,4.628871183,6.223854181,6.169784208,6.030050653,5.557263689,5.006668426
Isle of Man,IMN,4.186976816,1.604987887,0.787296104,2.568276022,4.00366464,4.280900474,7.715996458,8.581528171,13.50925874,13.69321623,5.338364279,5.376166334,5.868974884,6.327778883,5.199996721,5.900003046,7.700001498,7.457065044,9.84866342,2.127151152,9.415889627,4.814762146,6.249540692,4.493510306,5.03114162
India,IND,5.533454563,1.056831433,5.482396022,4.75077622,6.658924067,7.57449184,7.549522249,4.049820849,6.184415821,8.845755561,3.840991157,4.823966264,3.803975321,7.860381475,7.922943418,9.284824616,9.263964759,9.801360337,3.890957062,8.479783897,10.25996306,6.6383638,5.456387552,6.386106401,7.505220233
Ireland,IRL,8.466527969,1.929639547,3.343274285,2.692609077,5.755827017,9.634422395,9.091817982,10.74712773,8.227906111,10.86297048,9.912390825,6.051904617,5.57697237,3.673111175,6.724903354,5.766120585,5.866128966,3.79662986,-4.373481337,-4.565114328,2.033546407,-0.040563406,-1.102882273,1.098843394,8.462361941
"Iran, Islamic Rep.",IRN,13.59492644,12.71614844,3.29798192,-1.471011482,-1.698286119,2.401044552,6.350526019,1.350399274,2.08001178,2.002696233,5.845527476,2.392172712,8.07882928,8.639298397,4.336665979,4.208690356,5.704251918,9.116167365,0.923695792,2.314710619,6.577374352,3.749690486,-6.608687255,-1.911575057,4.343343402
Iraq,IRQ,57.81782835,-64.04710697,32.5922112,30.28982949,3.854532449,2.120021498,11.02078564,21.23793613,34.85709513,17.58226601,1.406474812,2.305316984,-6.900180223,-33.10083802,54.15777462,4.400617192,10.15819958,1.377598148,8.228107104,3.379299094,6.402564845,7.5464712,13.93643017,6.572160298,0.7
Iceland,ISL,1.16937033,-0.223525507,-3.373894144,1.313449465,3.608857933,0.116583712,4.785062427,4.913189617,6.567152826,4.003823968,4.680514158,3.833743501,0.314701912,2.44014019,8.09977495,6.704392043,5.000661126,9.350069307,1.519365512,-6.94394119,-3.559864876,1.987130754,1.217535365,4.41153541,1.925143976
Israel,ISR,6.83546983,7.699379027,5.627795094,5.556872156,6.931825872,6.600000015,6.15749605,4.082162978,4.251809193,3.737087576,8.942023065,0.241579641,-0.068274779,1.177134254,5.114051712,4.389914718,5.801808374,6.13507899,3.059407048,1.268661902,5.517022938,5.062178851,2.381800262,4.376328279,3.163047034
Italy,ITA,1.985774909,1.538447548,0.834275471,-0.852805758,2.151023646,2.886836742,1.286366437,1.835365313,1.616073187,1.559850895,3.710107987,1.77218597,0.248546306,0.151323895,1.581936027,0.949664837,2.00658763,1.473871503,-1.050405284,-5.482053957,1.686523279,0.57662466,-2.819019127,-1.728157335,0.113671537
Jamaica,JAM,4.200535115,4.838238753,1.955542502,9.417102567,1.383389803,2.349957041,-0.113731206,-1.140459872,-2.334553543,1.047673871,0.878703548,1.344929564,1.997290944,3.666317593,1.3237251,0.893797936,2.89912535,1.431954037,-0.812752927,-4.332824094,-1.468990555,1.72904781,-0.621954187,0.503639921,0.694621084
Jordan,JOR,0.97375649,1.823896404,18.66483555,4.630914985,4.986439995,6.186342349,2.087347509,3.307893007,2.993938324,3.409474478,4.245247419,5.268616571,5.784480682,4.161050302,8.567297894,8.146583289,8.093331161,8.175719022,7.23240848,5.47658105,2.311392474,2.58712783,2.650383647,2.829210769,3.096330275
Japan,JPN,5.5723983,3.324340775,0.819029859,0.17106272,0.863578244,2.742163827,3.099929947,1.076511705,-1.128756383,-0.251976309,2.779542546,0.406249445,0.118100784,1.528242023,2.204730325,1.662752768,1.419984392,1.654282905,-1.093479004,-5.417119742,4.192289082,-0.115461941,1.495028543,2.000489572,0.335664786
Kazakhstan,KAZ,,-11,-5.299999999,-9.200000002,-12.6,-8.200000003,0.500000002,1.699999999,-1.899999999,2.699999998,9.800000002,13.5,9.800000002,9.3,9.6,9.699999999,10.7,8.9,3.3,1.199999999,7.3,7.4,4.8,6,4.2
Kenya,KEN,4.192050974,1.438346791,-0.79949396,0.353197256,2.632784519,4.406216526,4.146839267,0.47490192,3.290213723,2.305388596,0.599695392,3.779906496,0.54685953,2.932475546,5.104299776,5.906666082,6.472494299,6.850729771,0.232282746,3.306939815,8.402277064,6.11161346,4.563200169,5.879763868,5.351839858
Kyrgyz Republic,KGZ,5.702796635,-7.851065742,-13.88870885,-15.45932467,-20.08515857,-5.423822049,7.084502419,9.915168114,2.121835392,3.655789576,5.426673849,5.32158429,-0.017353166,7.030296139,7.026859719,-0.175548229,3.102898691,8.542874896,8.401615957,2.8862947,-0.471566848,5.956274377,-0.088150193,10.91546938,4.024038629
Cambodia,KHM,,,,,9.099464508,6.442902796,5.412339379,5.619792925,5.00903275,11.90975793,8.767471484,8.148386098,6.578939502,8.505895557,10.34052878,13.25008691,10.77108367,10.21257391,6.691577475,0.086696959,5.963078575,7.069569946,7.313345505,7.427900099,7.071525352
Kiribati,KIR,-0.869565217,0,0.877192982,0.869565217,1.724137931,0,1.694915254,1.666666667,6.557377049,-1.538461538,6.25,-1.470588235,3.787462687,2.006324636,-1.629360204,4.951631626,-1.581000681,2.202171925,-1.847437264,0.289623952,-1.607639217,0.476842245,5.187798487,5.782166321,2.408687699
St. Kitts and Nevis,KNA,4.890818842,-2.148359682,4.277277035,7.005372884,5.313154173,5.752822815,5.886159705,6.896333415,-0.667313658,3.38849989,10.69432286,5.463776713,2.582171284,-3.615200491,3.60667684,8.771436502,1.812029407,-0.176539062,6.291915218,-3.020041565,-2.249103079,2.398730628,-0.600550412,6.219894476,5.963056556
"Korea, Rep.",KOR,9.811229684,10.35395136,6.175505687,6.846743917,9.206141515,9.570604132,7.594509089,5.922185464,-5.471219258,11.30862149,8.924426034,4.525306764,7.432433614,2.933217902,4.89984045,3.923677392,5.176153818,5.463396393,2.829223173,0.707509946,6.496793586,3.681688569,2.292397846,2.896204935,3.341447761
Kuwait,KWT,,,,33.99046707,8.436165768,4.858291224,0.605126978,2.473325247,3.662055103,-1.789009463,4.694581988,0.729026414,3.000000009,17.32000038,10.7621943,10.07595099,7.52024923,5.991661246,2.479843833,-7.076102616,-2.367061944,9.628436082,6.626388081,1.149038847,0.500109942
Lao PDR,LAO,6.704578688,4.296563641,5.559857768,5.912556556,8.159018531,7.031254328,6.928323725,6.872091273,3.967608091,7.306376073,5.798782326,5.751412882,5.918743682,6.067002304,6.35769548,7.107568369,8.619266209,7.596828801,7.824902763,7.501774913,8.526905517,8.038652681,8.026283279,8.024751869,7.613516487
Lebanon,LBN,26.53316009,38.2007091,4.499936955,6.997966118,8.003148048,6.53494563,5.136503876,-2.286786101,3.592643299,-0.453074266,1.34406653,3.871259086,3.415104761,3.222473968,5.913768934,2.732282853,1.556479033,9.349502765,9.126165151,10.30405054,7.960433349,1.982547993,2.2,0.9,1.8
Liberia,LBR,-51.03086495,-14.22521176,-35.08568109,-32.9753915,-21.7623498,-4.266211604,12.12121212,106.2798092,30.20813102,21.74144788,28.61593335,2.918717298,3.762764999,-30.14522252,2.620605256,5.28197573,8.043162022,9.534892858,7.146939285,5.300099075,6.099944692,8.199998146,7.99445127,8.703875016,0.701141636
Libya,LBY,,,,,,,,,,,3.679213293,-1.762878168,-0.958849381,13.01600108,4.461629982,11.87072893,6.500547227,6.352316994,2.66735579,-0.790141832,5.021289739,-62.07591958,,,
St. Lucia,LCA,7.759277998,0.37740003,8.032655627,0.309702276,1.594296541,1.69704613,2.897634761,-0.831822114,6.372991098,2.672757913,-0.214947765,-3.782505205,0.312087498,4.702623387,7.648706534,-0.489050183,6.832930711,0.960368187,4.177251561,-0.358222824,-1.698624575,0.238370506,-1.44858863,0.062513231,0.371774911
Liechtenstein,LIE,2.252870971,1.801168977,3.608293936,4.332100221,6.866145963,5.875552199,6.905300734,7.225135037,7.761262133,10.41092416,3.220190998,-0.733091477,-0.993919345,-1.937566245,3.039173512,4.828074952,8.644969847,3.325962956,1.798087686,-1.157481822,,,,,
Sri Lanka,LKA,6.399995311,4.599987243,4.399991252,6.900063252,5.599918727,5.500085232,3.799967205,6.405399698,4.698423046,4.300540498,6.00003316,-1.545408134,3.964675686,5.940269078,5.445061278,6.241748045,7.6682919,6.796826119,5.950088145,3.538912053,8.015959407,8.404738131,9.144579388,3.395709596,4.960719207
Lesotho,LSO,6.045474226,6.966606861,6.95636505,3.509765768,5.979873933,3.290938384,5.597035289,3.703603972,1.537655806,0.476025115,3.875546611,3.56158231,0.723835765,4.559776789,1.692373902,3.466122778,4.230095022,4.809216463,6.659353143,2.151284968,6.53630855,6.630322312,5.901091561,2.152564147,2.277474893
Lithuania,LTU,,,,,,,5.149958426,8.293228719,7.467176003,-1.134642895,3.83166714,6.524430875,6.760749533,10.53856477,6.550083027,7.727407918,7.406444355,11.08695439,2.628077961,-14.81416332,1.639819649,6.049353497,3.834901869,3.506825683,3.495016165
Luxembourg,LUX,5.319932182,8.644190076,1.819652855,4.200648194,3.820921124,1.432200278,1.388428352,5.709717091,6.044651468,8.481002825,8.239799112,2.531974923,3.819469797,1.62928705,3.612176707,3.172442733,5.178485966,8.354553209,-1.279585572,-4.358607005,4.86496856,2.539234839,-0.35251936,3.990191653,5.626930814
Latvia,LVA,,,,,,,2.359022451,8.974126189,6.521769281,2.618948396,5.406859478,6.461313552,7.103025871,8.430699701,8.335544621,10.69703379,11.88938797,9.949391189,-3.608915561,-14.33224401,-3.78964989,6.381500691,4.005269307,2.626556818,2.119918779
"Macao SAR, China",MAC,7.980618498,3.659399858,13.29907288,5.185571118,4.252984082,3.296007155,-0.418470418,-0.279850746,-4.571008201,-2.358337933,5.746812741,2.888692254,8.946840342,11.65335943,26.75553264,8.059727508,13.31437143,14.44744958,3.393477558,1.321260872,25.26377445,21.67265903,9.237336768,11.20006656,-1.201149204
Morocco,MAR,3.411812226,7.216088161,-2.097738761,-0.740591692,10.5880004,-5.405447867,12.37287628,-1.560702356,7.23855269,1.081332562,1.912872981,7.319967454,3.121449656,5.961162155,4.797018362,3.291639684,7.574631645,3.531594152,5.923277686,4.243757321,3.815717917,5.245697297,3.009961262,4.5354242,2.551109611
Monaco,MCO,2.643454173,1.015129919,1.366636037,-0.913915597,2.215624119,2.117151226,1.110730405,2.237247543,3.503268192,3.300541382,3.910231911,2.187729373,1.026496836,1.087535488,2.470486213,1.895413784,5.049346202,14.58244232,10,,,,,,
Moldova,MDA,,,,,,,-5.877060161,1.647064468,-6.54219202,-3.368254442,2.107716052,6.100000281,7.799999787,6.599999906,7.39999984,7.500000095,4.799999869,3.000000199,7.8000001,-6.000000259,7.100000092,6.800000288,-0.700000153,9.400000099,4.799999749
Madagascar,MDG,3.130029428,-6.309534393,1.186152287,2.096559819,-0.071608256,1.712213176,2.148915048,3.693492606,3.932336443,4.6591157,4.760065099,6.017824403,-12.67378814,9.784892131,5.257003604,4.602899965,5.022607002,6.240578451,7.128513539,-4.013860583,0.263110856,1.454392168,3.027508092,2.25520404,3.315854149
Maldives,MDV,,,,,,,,,,,,,5.393036179,14.5505859,13.15992812,-8.124739464,19.88808227,10.17198604,12.67175573,-5.323751452,7.166771451,8.70933893,2.496489996,4.699793673,5.997326423
Mexico,MEX,5.068306313,4.222250716,3.628658713,4.061425854,4.727354829,-5.75868238,5.874766683,6.962888801,4.701842416,2.667013147,5.296473838,-0.60549239,0.131917169,1.422671242,4.295714251,3.032573659,4.944514348,3.204123017,1.40029037,-4.700338863,5.11019849,4.044613879,4.018173869,1.360077144,2.265333945
Marshall Islands,MHL,2.676246464,0.087888749,7.140800878,6.006245786,5.877715899,8.213227738,-10.30293333,-6.445670906,-2.844212465,-2.397154781,5.890694312,5.363361509,2.615853563,0.17013309,-0.055420414,2.750208991,1.923509469,3.554680998,-1.635904467,-1.709448155,6.437826623,1.676974188,3.699785173,2.359099012,-0.94969113
Middle income,MIC,2.122250978,1.144908714,0.813127021,2.78134913,2.442051943,3.621998295,4.773045086,4.899307461,1.889786622,3.189401413,5.642905977,3.428272195,4.155003224,5.480447491,8.110911631,7.129196959,8.123028429,8.800523476,5.689789444,2.286743239,7.501636133,6.073459009,4.956188373,5.075490834,4.580376283
"Macedonia, FYR",MKD,,-6.170767652,-6.565198667,-7.469271323,-1.758166167,-1.114727719,1.185103914,1.439981341,3.378735622,4.339027922,4.549135778,-3.067245662,1.494028679,2.222222222,4.674428357,4.723377527,5.137025162,6.473486858,5.471711774,-0.358615842,3.358760114,2.339892284,-0.456184412,2.925265321,3.629641308
Mali,MLI,-2.502395103,11.74520379,-3.21866249,3.172168177,3.779934051,0.921022398,7.055785404,4.829024339,7.57166764,5.700943654,-0.060834972,15.37623946,3.106308252,9.119041995,1.559998661,6.534762657,4.66218688,3.493616811,4.773382727,4.6790657,5.413452222,3.240252913,-0.836178866,2.303584809,7.043356204
Malta,MLT,6.291390958,6.256492082,4.690932431,4.480749359,5.651104737,6.342493183,3.777335762,5.256980145,5.125601231,4.719974882,6.770193911,0.608353735,2.982818376,2.543768573,0.443412531,3.783652259,1.828716884,3.986448706,3.346512731,-2.462277722,3.542683214,1.396184922,2.581489744,4.511101387,8.305633821
Myanmar,MMR,2.816933274,-0.650616909,9.660942453,6.039410227,7.477958359,6.948051437,6.442715347,5.651582963,5.866213153,10.94512998,13.74593056,11.34399707,12.02551343,13.84399689,13.56466162,13.56895002,13.07610138,11.99143524,10.25530539,10.5500091,9.634439452,5.591482378,7.332670447,8.426001025,7.991243344
Montenegro,MNE,,,,,,,,,4.900002988,-9.399997528,3.099997417,1.100001032,1.899998858,2.499998406,4.400003554,4.192994029,8.566242791,10.65790133,6.922597533,-5.656917491,2.463732399,3.228454122,-2.723767869,3.54901408,1.783708964
Mongolia,MNG,-3.184460178,-8.693544731,-9.256465706,-3.168791549,2.134382694,6.376426887,2.235093843,3.896713584,3.3399366,3.070369009,1.146062137,2.952710544,4.732978464,7.004634576,10.62540596,7.253665441,8.556234809,10.24801636,8.900367946,-1.268598941,6.365161685,17.29077735,12.31981973,11.64891583,7.885225829
Northern Mariana Islands,MNP,,,,,,,,,,,,,,0.408441116,-3.118644068,-12.66620014,-6.891025641,-6.712564544,-11.0701107,-17.53112033,1.383647799,-7.692307692,0.537634409,2.272727273,2.875816993
Mozambique,MOZ,0.999992833,4.899999139,-5.23133059,8.767141824,6.158862481,2.237310045,26.84532191,10.84203164,11.85939398,7.822974027,1.678502985,12.72096582,8.794057581,6.500606668,7.811186108,8.720667877,9.851055465,7.426060991,6.876205447,6.351461683,6.687731849,7.117606632,7.198185826,7.1416833,7.443837429
Mauritania,MRT,-1.771304534,1.788087116,1.874125895,5.873637251,-3.0607321,9.81980046,5.818826602,-4.044696622,2.77780492,7.712825411,-0.430406256,2.008796925,0.665004156,5.978253348,5.74742354,8.969422318,18.86909934,2.817836772,1.079967167,-1.042081704,4.773697175,4.704066531,5.795078172,6.090258732,5.579543854
Mauritius,MUS,7.186736771,4.435446229,6.512698604,5.082062936,4.136142909,4.28773666,5.587843841,5.687477445,6.070628116,2.610779527,9.026614099,2.573570288,2.11331329,3.656856398,5.745767527,1.241387538,8.53825562,5.727016147,5.386962559,3.315076989,4.377203239,4.077538074,3.496118338,3.360406103,3.744574431
Malawi,MWI,5.692294494,8.730231829,-7.332978135,9.691840268,-10.24018173,16.72881759,7.316681511,3.792419099,3.89525363,3.042278091,1.576077837,-4.974963846,1.700000014,5.705639437,5.420497694,3.268725828,4.699999992,9.600000003,7.639736774,8.328110276,6.874065635,4.854055109,1.885799507,5.199999998,5.700000004
Malaysia,MYS,9.009649272,9.545464867,8.885115936,9.894946828,9.212042786,9.82908212,10.00270109,7.322742952,-7.359415381,6.137609886,8.858868086,0.517675306,5.390988339,5.788499277,6.783437723,5.332139139,5.584847075,9.427665099,3.319594256,-2.525825691,6.980956773,5.293791102,5.474385463,4.692919186,6.01216652
North America,NAC,1.738315056,-0.281726825,3.290269169,2.737210892,4.080355075,2.715553042,3.584220108,4.46741129,4.395932358,4.729790999,4.19709157,1.054082395,1.902614268,2.709338241,3.717780301,3.330841835,2.663507098,1.806128838,-0.167110751,-2.793343635,2.583647534,1.749551283,2.174510945,1.754386567,2.389734137
Namibia,NAM,2.047459978,8.165612481,7.189342559,-1.579539135,1.729879442,3.89901419,3.19132423,4.220100264,3.291585556,3.369278594,3.492183222,1.177948858,4.788661308,4.239794315,12.26954803,2.529262603,7.073175362,6.617094453,2.649811967,0.295971028,6.03924941,5.091338198,5.061682013,5.654360807,6.458809615
New Caledonia,NCL,3.600001274,4.900028139,0.519994838,0.529794652,2.590186894,5.940031114,0.4498791,2.007152305,-3.200275506,0.900172502,2.100108842,,,,,,,,,,,,,,
Niger,NER,-1.284355381,2.504203274,-6.516444601,1.449437876,4.004561704,2.605755854,3.419093099,2.753965624,10.42226252,-0.568758332,-1.40950935,7.104340612,2.999122036,5.299999998,0.100000001,4.499999999,5.800000002,3.146570396,9.587673209,-0.712671174,8.369239798,2.31140022,11.81366328,5.268378734,7.049797948
Nigeria,NGA,12.76600917,-0.617850589,0.433725357,2.090377801,0.909763335,-0.307468969,4.993705537,2.802256439,2.715640179,0.474237575,5.318093381,4.411065196,3.784648183,10.35418456,33.73577503,3.444666813,8.210964859,6.828398348,6.270263697,6.934416004,7.839739477,4.887386611,4.279277314,5.394416311,6.309718253
Nicaragua,NIC,-0.093064818,-0.190712403,0.385467121,-0.391138493,3.337611864,5.911907795,6.344268304,3.966650973,3.711681448,7.03597048,4.101590153,2.960843529,0.753938941,2.520732936,5.31217052,4.282398305,3.804864617,5.076352018,3.435716936,-3.292665159,4.410099117,6.316685535,6.496136471,4.927094134,4.785460136
Netherlands,NLD,4.183222799,2.439134508,1.706070921,1.257552208,2.961092398,3.116035968,3.566719236,4.299867429,4.525415041,5.051693368,4.238763069,2.124264345,0.103629981,0.283922581,2.030706315,2.160366002,3.518636961,3.698473106,1.699060778,-3.767583537,1.402662177,1.663626344,-1.057037404,-0.1903392,1.419690296
Norway,NOR,1.932438873,3.084674239,3.574403305,2.845312158,5.055453525,4.153950576,5.027995443,5.284684789,2.624396901,2.013307554,3.205285075,2.085328038,1.437708805,0.919841882,3.959038034,2.624720536,2.395092468,2.929766043,0.384306042,-1.622533269,0.601886135,0.968780177,2.748817642,0.99870545,1.918819526
Nepal,NPL,4.635036347,6.368150403,4.106406612,3.849850022,8.216002709,3.468451883,5.328284175,5.048612536,3.016389482,4.412573271,6.199999988,4.799762644,0.120266897,3.945037767,4.682603245,3.479181046,3.364614788,3.411560276,6.104639142,4.53307872,4.81641465,3.421828241,4.781192258,4.128877676,5.988984661
Nauru,NRU,,,,,,,,,,,,,,,,,,,34.41929066,8.659698371,13.55082678,11.68452207,10.08655154,34.21498251,36.52409809
New Zealand,NZL,0.150575745,-1.088706103,1.109630816,6.396356526,5.13410853,4.735552254,3.627717349,2.035167461,0.81310681,5.454648478,2.903533358,3.446745774,4.66983749,4.557315977,3.947709732,3.301504908,2.80413966,2.887426896,-1.119512817,-0.304346043,1.527405275,2.270076783,2.245965409,2.449751486,3.404535318
Oman,OMN,-0.13042574,6.074078508,8.413883633,6.042960275,3.875774308,4.996819663,3.045940005,6.033512307,2.642337974,-0.124806894,5.401372717,4.482454096,-1.10056525,-2.668969447,1.292112564,2.49045836,5.372068299,4.452694304,8.199695813,6.112453761,4.803333796,-1.106912875,9.331575255,4.373319338,2.541561464
Other small states,OSS,,,,,,,,,,,,4.334284098,4.597852459,4.284055662,9.257695805,5.904596242,10.69707551,10.11544103,7.541423252,2.168023841,8.506820047,7.723148372,3.710006495,3.182228146,3.222176652
Pakistan,PAK,4.458586815,5.061567755,7.705897823,1.757747697,3.737415552,4.96260915,4.846581284,1.014396014,2.550234295,3.660132744,4.260088012,1.982484032,3.224429973,4.846320935,7.368571359,7.667304271,6.177542036,4.832817277,1.701405465,2.831658519,1.606691959,2.74840255,3.50703342,4.396456633,4.674707981
Panama,PAN,8.098993006,9.419005745,8.20168056,5.455743573,2.850147171,1.751678689,4.07970309,6.460990304,7.341501476,3.917206597,2.715373497,0.574273068,2.229149521,4.205495762,7.522080093,7.191278852,8.652465799,11.98398545,8.611646134,1.598358809,5.767349873,11.80806624,9.229952302,6.624158955,6.053334058
Peru,PER,-4.982563536,2.219259103,-0.540509125,5.243577008,12.30836618,7.411395047,2.798973079,6.476824421,-0.391537556,1.494910643,2.694371398,0.617892326,5.453528938,4.165023137,4.958203206,6.285060325,7.528899044,8.518387769,9.126568301,1.095823659,8.332459107,6.327192402,6.139724706,5.852518211,2.354333038
Philippines,PHL,3.036966294,-0.578334651,0.33760303,2.116307179,4.387623341,4.678692219,5.845873472,5.185362276,-0.57672219,3.081926764,4.411212506,2.893992411,3.645898141,4.970363731,6.697636425,4.777663462,5.242953041,6.616668505,4.152757145,1.148330408,7.632263916,3.659755139,6.683810237,7.064032939,6.145298786
Palau,PLW,,,-6.40000049,-12.30004512,7.299994923,10.90004356,10.40001155,2.300001648,1.999949998,-5.399949781,-1.312929561,4.317386231,6.599552573,-6.348373557,6.946778711,1.257202724,-2.741852043,-0.053191489,-5.588078765,-9.075535513,3.285802852,5.042016807,3.2,-2.436323367,4.256526674
Papua New Guinea,PNG,-3.01216922,9.546897887,13.8490849,18.20228618,5.942109147,-3.312448872,7.733695867,-3.904389613,-3.769113351,1.855553847,-2.494841729,-0.121288758,-0.158900358,2.164102531,2.721175412,6.344796039,2.294466151,7.151762439,6.610958325,6.14148229,7.674331651,10.66932893,8.087543144,5.537412004,8.533901802
Poland,POL,,-7.015578801,2.514978621,3.738310309,5.292802061,6.951856621,6.056579517,6.45954984,4.614647522,4.642210704,4.559571179,1.248005438,2.041603894,3.562471549,5.135649521,3.493658515,6.179603987,7.034801987,4.249645295,2.820221932,3.606960459,5.016615962,1.60663717,1.390825533,3.282570093
Puerto Rico,PRI,2.465790941,0.853720598,4.05933489,3.851927448,3.983003555,4.07519011,2.893448314,3.155515407,6.745681787,2.06636381,1.512452504,9.849452032,1.773267622,1.19291552,1.760917241,0.56859912,-0.889569195,-3.325701786,-1.798808345,-2.361113517,-2.612530288,-1.890463033,-2.772499076,-0.577342697,
Portugal,PRT,3.950523301,4.368206462,1.089476471,-2.043276987,0.96483825,4.282780345,3.496684431,4.426210348,4.791771472,3.888213351,3.787494022,1.943304038,0.768797435,-0.934205163,1.811582453,0.766785017,1.553053265,2.492001896,0.199272251,-2.978104284,1.898691753,-1.826852906,-4.028256714,-1.130155829,0.893093762
Paraguay,PRY,4.12328288,3.493650155,1.696428011,4.936359415,5.317919883,6.822807819,1.573789449,4.242511162,0.068035126,-1.366071238,-2.314146032,-0.834057908,-0.021401975,4.320749918,4.057419171,2.133486167,4.807120262,5.421622463,6.35911702,-3.965695886,13.09300368,4.342407086,-1.238968506,14.03627767,4.722333745
West Bank and Gaza,PSE,,,,,,7.118512026,1.215151515,14.66722553,14.33420366,8.280429322,-8.556183567,-9.310639083,-12.4891918,14.01586702,10.34306979,10.7987619,-3.900598328,6.590593544,6.079293361,8.662535255,8.099088919,12.4136354,6.284236374,2.217422213,-0.181891133
Pacific island small states,PSS,4.162149739,0.066518166,4.730312466,2.350616754,4.927737405,4.03788655,3.209000174,-1.128681012,2.01217694,4.457088988,-0.637708226,1.105094231,2.024661164,1.903502927,3.954434858,2.1624831,2.423283046,1.24995134,1.957096416,-1.451820695,2.99297054,3.983899752,2.137821827,3.408943308,3.787140389
French Polynesia,PYF,2.200000128,4.899996203,0.89999758,0.100003234,0.800002278,0.499993912,0.30000031,1.900004145,6.199995771,4.000004643,4.000000343,,,,,,,,,,,,,,
Qatar,QAT,,,,,,,,,,,,3.898186617,7.182151741,3.719958636,19.21891532,7.492758506,26.17024568,17.98565679,17.66355638,11.95656114,19.59233153,13.37517641,4.687259177,4.410274619,3.978882147
Romania,ROU,,-12.91821075,-8.767228452,1.528834497,3.93194273,7.138212933,3.86980367,-4.816146918,-2.087247178,-0.401527523,2.395094533,5.592002343,5.184192218,5.52427784,8.358591275,4.171914313,8.055560146,6.863757382,8.45898402,-7.06682807,-0.798465536,1.05629446,0.640965688,3.531603199,3.07630231
Russian Federation,RUS,-2.999995642,-5.046939451,-14.53107377,-8.668540341,-12.56975598,-4.143528406,-3.6,1.399999999,-5.299999999,6.4,9.999999999,5.091984231,4.743669897,7.295854331,7.175949192,6.376187027,8.153431973,8.535080209,5.247953532,-7.820885027,4.503725626,4.264176565,3.517941865,1.279453911,0.731458212
Rwanda,RWA,-2.399291097,-2.514379654,5.872725234,-8.108691874,-50.2480671,35.22407831,12.74569576,13.84975249,8.858669496,4.270152934,8.357348703,8.510638298,13.18627451,2.208748376,7.415254237,9.388560158,9.231878832,7.692307692,11.15879828,6.287920574,7.291126103,7.787182588,8.840026924,4.700061843,7.619610159
South Asia,SAS,5.421383115,1.917860754,5.723234096,4.401762661,6.057471911,6.949289782,6.848424813,3.789237285,5.590601289,7.757079348,4.078419275,4.307813038,3.714093183,7.239132889,7.540877297,8.782437548,8.662637763,9.012357217,3.883391974,7.614176104,9.055463872,6.313662396,5.518441261,6.053610082,7.056051534
Saudi Arabia,SAU,15.19342589,15.00788025,3.987540164,-1.363741432,0.55872019,0.212091345,2.637424215,1.103782052,2.893362521,-3.763285218,5.625416146,-1.210743868,-2.819174403,11.24206139,7.958441666,5.573850122,2.788402224,1.847130255,6.249772752,-2.059268192,5.039493675,9.996857794,5.411444902,2.699254721,3.652481701
Sudan,SDN,-5.470053776,7.510910626,6.577861385,4.56874919,1.006228243,5.99709232,5.919124758,10.56673631,4.308504104,3.10409568,6.345867769,6.500360421,6.427273901,7.734591717,3.883307291,7.489738142,10.064308,11.52191003,7.801963334,3.241847572,3.469335093,-1.967728979,0.521559267,4.394711132,2.679411813
Senegal,SEN,-0.675638146,2.555825428,1.242647235,1.30078041,-0.017328654,5.363472885,2.012125088,3.124033319,5.898672516,6.359843002,3.186639102,4.580916419,0.654803692,6.683228134,5.870772214,5.622606857,2.461570253,4.938485083,3.682524403,2.423175917,4.179363063,1.761118048,4.411180285,3.485217346,4.311051022
Singapore,SGP,10.04421048,6.687076218,7.087600945,11.53738744,10.92545611,7.02804585,7.531933911,8.291117708,-2.225229743,6.095204493,8.897544418,-0.952290066,4.211686552,4.435328147,9.549175476,7.489157459,8.860196114,9.111527148,1.787620228,-0.603388298,15.24037704,6.224417276,3.871461938,5.001193478,3.572267228
Solomon Islands,SLB,,6.004178731,12.69044733,3.97645843,9.193819876,8.223592047,1.605179835,-1.439673626,1.783866401,-0.482600682,-14.26748303,-7.978564432,-2.800002522,6.50000183,4.898370946,5.421193232,6.946649998,7.320001264,7.094495143,-4.727872457,6.895556838,12.92847503,4.660611855,3.014386846,1.507426291
Sierra Leone,SLE,3.349997984,2.351960645,-19.01290963,1.374549379,-1.947384335,-7.999753286,1.753821399,-5.877082015,1.785014281,-1.979285588,6.652727885,-7.140319715,26.26857661,9.382384967,6.417536687,4.332484395,5.525833107,8.058321564,5.399676742,4.649512913,5.365143206,4.810186455,15.18176908,20.71576829,4.556772366
El Salvador,SLV,4.831560385,3.576412756,7.543337489,7.369523346,6.050367481,6.396570978,1.705589084,4.2463425,3.748726161,3.449098435,2.152652497,1.708936396,2.340822748,2.30003827,1.850535583,3.562814501,3.911948645,3.839765177,1.27389861,-3.13305645,1.365346664,2.216720545,1.881061224,1.846648018,1.42547573
San Marino,SMR,2.052952362,1.53291338,0.773273401,8.75160856,6.982248536,9.292035408,4.858299698,2.404539025,7.52,9.077380952,2.182810368,5.607476636,0.252844501,3.909205549,4.611650485,2.320185615,3.854875283,3.493449782,1.898734177,,,,,,
Somalia,SOM,-1.484075684,,,,,,,,,,,,,,,,,,,,,,,,
Serbia,SRB,,,,,,,2.426155021,7.184832848,2.430456631,-12.1465874,7.759209405,4.992714031,7.115788087,4.415414059,9.046513062,5.540426974,4.904348856,5.888760078,5.366683424,-3.115971692,0.584478088,1.401465736,-1.015270388,2.571734107,-1.831301107
Sub-Saharan Africa,SSF,2.414755083,0.060024001,-1.416163703,-0.039484031,1.919399247,3.230363564,5.265745066,3.649987136,2.501176053,2.17535998,3.608263868,3.946066426,2.963042765,4.872326789,11.65289761,5.56418335,7.059808553,7.083952947,5.38898074,2.867564947,5.430484856,4.360793423,3.755952338,4.819961644,4.631466405
Small states,SST,,,,,,,,,,,4.50927756,3.768065545,4.374341353,4.596583821,8.08506871,5.38384731,9.760602165,8.613148338,6.31768133,1.109745367,7.231428829,6.613538972,3.31766042,2.961305178,2.83188411
Sao Tome and Principe,STP,,,,,,,,,,,,3.189933317,2.376877472,6.573472704,3.832227083,7.093770453,9.115646547,3.253604912,8.186171819,2.426281344,6.67198532,4.398201688,3.141975849,4.814794387,6.207681734
Suriname,SUR,-0.488637259,2.78210988,-0.20142816,-7.254621346,3.247174905,1.096488469,1.274377274,5.736491836,1.564201258,-0.871057627,-0.068687218,4.553077415,4.299944411,6.010154543,9.256031959,4.570714921,3.84213742,5.111487808,4.143406525,3.01369863,5.168825162,5.849367784,2.690350057,2.93344123,0.363600629
Slovak Republic,SVK,,,,1.901327059,6.205530477,5.843495348,6.757147223,6.06754301,4.011813704,-0.205069439,1.210173376,3.316468195,4.522792238,5.418715934,5.258836403,6.750960834,8.452887748,10.79957705,5.629779025,-5.422542313,5.041716665,2.819099518,1.657148687,1.490646438,2.570852593
Slovenia,SVN,,,,,,,3.516280804,5.114380403,3.285631522,5.274353781,4.15543396,2.949365533,3.836305277,2.842083009,4.351795539,4.003007364,5.655999211,6.941645669,3.300130299,-7.797276576,1.237755909,0.649366928,-2.689413589,-1.086922771,3.106280193
Sweden,SWE,0.754674751,-1.145974861,-1.158592739,-2.065616382,4.087601987,4.024306541,1.517861239,2.900482859,4.226791693,4.530152752,4.735287133,1.563410279,2.073577213,2.385740236,4.32052981,2.818329618,4.688127152,3.404948895,-0.557047628,-5.18465903,5.988926547,2.664407951,-0.286320615,1.241204917,2.604326565
Swaziland,SWZ,21.01800049,1.760376454,3.226207004,3.106114082,2.400691123,4.825651384,3.842053869,3.102805391,2.604039376,2.950875074,1.760173966,1.054764931,4.38009899,3.880213616,3.623914301,5.998776347,5.992166754,4.435375791,0.821663887,1.565048937,3.793754698,2.247230019,4.735783817,6.857077142,4.246115263
Seychelles,SYC,6.99554469,2.760426099,7.161466737,6.196649768,-0.798696999,-0.825642363,4.917525348,11.96155598,8.403398525,1.872006587,1.514338815,-2.271162762,1.212831267,-5.887127528,-2.850453659,9.005761428,9.40612788,10.42143611,-2.146892655,-1.105245793,5.954962469,7.887279597,6.610243689,6.049822064,3.316985028
Syrian Arab Republic,SYR,7.640772323,7.901270698,13.47033376,5.178987101,7.652937117,5.750015288,4.399999999,1.800000002,6.337264017,-3.553656913,2.742857397,5.20094281,5.9,0.6,6.900000004,6.2,4.999999998,5.699999996,,,,,,,
Chad,TCD,-4.178472373,8.535137166,8.001443346,-15.70983705,10.13688763,1.236549317,2.214473035,5.653392328,6.951579914,-0.682850217,-0.879681025,11.65813465,8.491209819,14.72166701,33.62937185,17.33253374,0.648262014,3.271499579,3.052691532,4.217695552,13.55010086,0.082869798,8.882576072,5.700001363,6.899985045
Togo,TGO,-0.243656136,-0.699967488,-3.980686821,-15.09582748,14.98241435,7.845832317,8.836211629,14.37737758,-2.299876566,2.481751426,-0.783479606,-1.626806272,-0.922151022,4.954397666,2.119065316,1.180406956,4.052412542,2.290453889,2.225480232,3.510296675,3.99567877,4.883763946,4.820343516,3.967792633,5.871726319
Thailand,THA,11.16716344,8.558260321,8.083388023,8.251043122,7.996904855,8.120261844,5.652373942,-2.753590578,-7.633733631,4.572298369,4.455676031,3.444243766,6.148879817,7.189329965,6.289288549,4.187834924,4.967916824,5.43509257,1.725667908,-0.690733346,7.513590658,0.839959472,7.242967294,2.732473309,0.914519144
Tajikistan,TJK,-0.599999631,-7.099999096,-29.00000106,-16.39999984,-21.29999801,-12.40000037,-16.69999877,1.6999958,5.300000768,3.699999673,8.300001012,10.20000105,10.79999992,10.99999711,10.30000171,6.699997057,7.000001895,7.800001344,7.899997831,3.800000992,6.500000353,7.399999383,7.499999169,7.40000057,6.69925066
Turkmenistan,TKM,35.38455811,-4.605263214,-14.9659866,1.500000174,-17.29986047,-7.200040934,6.699992161,-11.40000023,7.100000344,16.4999995,5.469064133,4.343845714,0.257179925,3.26882856,5.000407438,13.04036341,10.96709551,11.05929947,14.7,6.100000115,9.199999988,14.69999993,11.09999996,10.2000001,10.29999997
Timor-Leste,TLS,,,,,,,,,,,17.50563435,16.36690647,-6.646058733,-2.317880795,0.508474576,6.239460371,-5.714285714,11.44781145,14.19939577,12.96296296,10.42154567,8.059384942,5.789990186,2.875695733,5.861136159
Tonga,TON,-2.044091435,6.414939822,0.251985518,3.73804735,4.952526778,3.711873338,0.010215895,-0.131583413,2.718812655,3.881704581,3.369839694,3.601788655,3.418876649,2.108581656,-0.351420004,1.582168376,-0.812222114,-4.165775722,3.094608298,2.299800398,3.57496943,2.792398475,0.889436669,-3.12616463,2.064684587
Trinidad and Tobago,TTO,1.508415857,2.682050198,-1.647204165,-1.453479678,3.565900883,4.657152904,7.134477381,7.522854738,8.124564009,8.024817633,6.901359504,4.168524081,7.936709641,14.44141643,7.949593642,6.20899299,13.20805776,4.754189958,3.39042137,-4.390592479,3.323330512,-0.29435443,1.29397895,2.653918424,-0.575925253
Tunisia,TUN,7.949819436,3.904545301,7.805728857,2.189828889,3.178411391,2.351669888,7.146080839,5.440943436,4.783762572,6.054634515,4.709859945,3.796183827,1.322563618,4.702411815,6.235793869,3.486535815,5.244195185,6.709620392,4.237776836,3.043448955,3.510608639,-1.91717768,3.997666079,2.874754293,2.823159581
Turkey,TUR,9.26614667,0.720279047,5.035634937,7.651265191,-4.668147359,7.878266876,7.379664476,7.577663648,2.308213489,-3.389305047,6.640061263,-5.962310691,6.430278602,5.608255023,9.644322663,9.009853214,7.109703381,5.030457776,0.845251442,-4.704465981,8.487372187,11.11349555,4.789940207,8.491309393,5.166690703
Tuvalu,TUV,,3.609164985,2.788866584,4.110691014,10.28348701,-5.004437317,-5.961361169,10.00322432,15.50121998,-1.563791371,-0.970599814,1.634107644,7.886174359,-3.333536533,-1.352181114,-3.779729962,2.138938329,6.350564875,7.983260905,-4.432851394,-2.729427912,8.453323926,0.174458145,1.298187614,2.235865935
Tanzania,TZA,7.045071644,2.071988211,0.584322134,1.205800809,1.567661766,3.569911868,4.544366802,3.525278191,3.708511596,4.840382325,4.933846627,5.997828858,7.163553536,6.886226532,7.828298381,8.173335834,4.660570995,8.464381242,5.566595648,5.382346168,6.358886081,7.904507572,5.141013621,7.26306003,6.965133317
Uganda,UGA,6.474140151,5.554095496,3.418356892,8.32629252,6.403635743,11.52324381,9.072114582,5.100001864,4.905265484,8.053948377,3.141907338,5.183661126,8.732685764,6.473258671,6.807233344,6.332565116,10.78474439,8.412425966,8.708751901,6.736995437,5.664369913,9.438932596,3.85329199,3.57422022,5.246819027
Ukraine,UKR,-6.345235128,-8.410643888,-9.698998582,-14.22610688,-22.93404553,-12.20000002,-9.999999974,-3.000000027,-1.899999984,-0.199999997,5.9,9.200000008,5.199999971,9.40000001,12.10000001,2.699999975,7.300000033,7.900000766,2.299999991,-14.80000002,4.200000018,5.465531905,0.238681306,-0.026729649,-6.552618891
Uruguay,URY,0.297348378,3.538808504,7.931588413,2.657546103,7.28134265,-1.447598964,5.577957758,8.547683232,4.518890072,-1.939212135,-1.92993064,-3.844129967,-7.732007212,0.805283917,5.004160365,7.460132106,4.098577362,6.541510848,7.176144662,4.243494178,7.803409668,5.162133026,3.538178707,4.637538643,3.238791216
United States,USA,1.919370297,-0.074084531,3.555396148,2.745856719,4.037643425,2.718975789,3.795881229,4.487026493,4.449910963,4.685199608,4.092176449,0.975981834,1.786127687,2.806775956,3.78574285,3.345216063,2.666625826,1.77857024,-0.291621459,-2.775529574,2.531920616,1.601454672,2.224030854,1.67733153,2.370457671
Uzbekistan,UZB,1.600000006,-0.492000004,-11.2,-2.300000006,-5.199999992,-0.900000006,1.700000004,5.199999997,4.3,4.300000003,3.799999993,4.200000008,3.999999997,4.199999999,7.699999998,7.000000005,7.299999997,9.921153848,9,8.099999996,8.500000001,8.299999999,8.200000001,8.000000001,7.792522371
St. Vincent and the Grenadines,VCT,4.149922803,1.135737487,6.377102859,4.251023172,-1.247737074,7.767413795,1.287125179,3.505823414,4.089483241,2.710917941,1.637438391,1.709414612,6.323310422,7.689791237,4.15628429,2.488004855,7.688359209,-1.581573228,6.667012433,-2.099061259,-3.35352589,-0.419351482,1.380643001,1.832286046,1.152116207
"Venezuela, RB",VEN,6.467940853,9.729887977,6.060473262,0.275388158,-2.349507928,3.951662724,-0.197837257,6.370931401,0.294055161,-5.970458146,3.686944167,3.394236108,-8.855647353,-7.75530005,18.28660669,10.3179138,9.872149109,8.753578808,5.277854124,-3.202302657,-1.488791251,4.176425359,5.625956975,1.343094036,
Virgin Islands (U.S.),VIR,,,,,,,,,,,,,,-0.334104343,2.939659618,3.632264529,3.625815809,4.03545603,0.941704036,-6.64149267,0.904116108,-8.158453195,-15.01925546,-5.80060423,-0.962155228
Vietnam,VNM,5.10091814,5.960843932,8.64604746,8.072730657,8.838980952,9.540480175,9.340017496,8.152084143,5.764455464,4.773586881,6.787316408,6.192893312,6.320820988,6.899063492,7.536410612,7.547247727,6.977954812,7.129504484,5.661771208,5.397897543,6.423238217,6.240302749,5.247367156,5.421882991,5.983654637
Vanuatu,VUT,11.70648473,3.139321561,2.59201652,0.750740107,9.056387228,1.011760278,2.328455171,4.913239831,4.301466021,0.334788215,5.922044539,-3.488507759,-5.111218569,4.293431178,3.984754831,5.30285231,8.465159865,5.173513258,6.448521358,3.312815802,1.629081596,1.223225535,1.754749927,1.96914608,2.331006215
Samoa,WSM,-4.421450949,-2.300007023,-0.199990351,4.099987693,-2.542096427,6.673641885,7.178965897,0.643424781,2.194886325,2.185438856,6.918790299,6.93976583,4.343995595,4.515479143,4.625001948,4.156492103,1.968807932,6.322641763,1.009086658,-4.8082722,0.479158713,5.778544297,0.402103619,-1.933858756,1.196147337
Kosovo,XKX,,,,,,,,,,,,26.97391784,-0.700948289,5.980145596,2.612126758,6.033229748,4.503031756,7.286082986,2.644818653,3.341665533,3.309574839,4.619578328,2.808457654,3.440464709,1.218533857
"Yemen, Rep.",YEM,,6.293493848,8.207598137,4.001966381,6.721949122,5.669371322,4.634967317,5.23111204,6.006694599,3.775530496,6.181915593,3.803645872,3.935231505,3.747398185,3.972696401,5.591748076,3.170409359,3.338427956,3.64756947,3.866229516,7.70230704,-12.7148969,2.392990209,4.823519067,-0.188690232
South Africa,ZAF,-0.317785676,-1.018281146,-2.136996308,1.233519912,3.234142952,3.11563361,4.306727868,2.646829095,0.517360382,2.358107754,4.154544583,2.735495291,3.667796877,2.949078146,4.554569921,5.277111735,5.603664789,5.36046514,3.191051645,-1.538100864,3.039777063,3.284197135,2.213258978,2.489283287,1.699597618
Zambia,ZMB,-0.481072028,-0.036133384,-1.730922174,6.797274049,-8.625441952,2.897668893,6.218546489,3.814007497,-0.385746146,4.650189746,3.897322943,5.316868274,4.50601428,6.944973982,7.032395115,7.235599007,7.903694445,8.352436244,7.773895815,9.220348406,10.29820585,5.564624717,7.597616969,5.059376378,4.695826373
Zimbabwe,ZWE,6.988552933,5.531782072,-9.015569821,1.051458509,9.235198742,0.158025752,10.36069674,2.680594174,2.885211917,-0.817820899,-3.059189626,1.439615074,-8.894023417,-16.99507453,-5.807538303,-5.711083833,-3.46149505,-3.653327043,-17.6689466,8.709225274,15.44687248,16.33246722,13.60917016,5.270354548,2.765270701
